use bd_trabalho;

-- tb_uf
insert into tb_uf (codigo_uf, sigla_uf) values (1,'AC');
insert into tb_uf (codigo_uf, sigla_uf) values (2,'AL');
insert into tb_uf (codigo_uf, sigla_uf) values (3,'AP');
insert into tb_uf (codigo_uf, sigla_uf) values (4,'AM');
insert into tb_uf (codigo_uf, sigla_uf) values (5,'BA');
insert into tb_uf (codigo_uf, sigla_uf) values (6,'CE');
insert into tb_uf (codigo_uf, sigla_uf) values (7,'DF');
insert into tb_uf (codigo_uf, sigla_uf) values (8,'ES');
insert into tb_uf (codigo_uf, sigla_uf) values (9,'GO');
insert into tb_uf (codigo_uf, sigla_uf) values (10,'MA');
insert into tb_uf (codigo_uf, sigla_uf) values (11,'MT');
insert into tb_uf (codigo_uf, sigla_uf) values (12,'MS');
insert into tb_uf (codigo_uf, sigla_uf) values (13,'MG');
insert into tb_uf (codigo_uf, sigla_uf) values (14,'PA');
insert into tb_uf (codigo_uf, sigla_uf) values (15,'PB');
insert into tb_uf (codigo_uf, sigla_uf) values (16,'PR');
insert into tb_uf (codigo_uf, sigla_uf) values (17,'PE');
insert into tb_uf (codigo_uf, sigla_uf) values (18,'PI');
insert into tb_uf (codigo_uf, sigla_uf) values (19,'RJ');
insert into tb_uf (codigo_uf, sigla_uf) values (20,'RN');
insert into tb_uf (codigo_uf, sigla_uf) values (21,'RS');
insert into tb_uf (codigo_uf, sigla_uf) values (22,'RO');
insert into tb_uf (codigo_uf, sigla_uf) values (23,'RR');
insert into tb_uf (codigo_uf, sigla_uf) values (24,'SC');
insert into tb_uf (codigo_uf, sigla_uf) values (25,'SP');
insert into tb_uf (codigo_uf, sigla_uf) values (26,'SE');
insert into tb_uf (codigo_uf, sigla_uf) values (27,'TO');

-- tb_cidade
insert into tb_cidade (codigo_cidade, nome_cidade) values (1,'São Paulo');
insert into tb_cidade (codigo_cidade, nome_cidade) values (2,'São Bernardo do Campo');
insert into tb_cidade (codigo_cidade, nome_cidade) values (3,'Santo André');
insert into tb_cidade (codigo_cidade, nome_cidade) values (4,'Guarulhos');
insert into tb_cidade (codigo_cidade, nome_cidade) values (5,'Diadema');
insert into tb_cidade (codigo_cidade, nome_cidade) values (6,'São Caetano do Sul');
insert into tb_cidade (codigo_cidade, nome_cidade) values (7,'Barueri');
insert into tb_cidade (codigo_cidade, nome_cidade) values (8,'Franco da Rocha');
insert into tb_cidade (codigo_cidade, nome_cidade) values (9,'Santos');
insert into tb_cidade (codigo_cidade, nome_cidade) values (10,'Peruíbe');
insert into tb_cidade (codigo_cidade, nome_cidade) values (11,'São Vicente');
insert into tb_cidade (codigo_cidade, nome_cidade) values (12,'Guarujá');
insert into tb_cidade (codigo_cidade, nome_cidade) values (13,'Bertioga');
insert into tb_cidade (codigo_cidade, nome_cidade) values (14,'Cubatão');
insert into tb_cidade (codigo_cidade, nome_cidade) values (15,'Belo Horizonte');
insert into tb_cidade (codigo_cidade, nome_cidade) values (16,'Rio de Janeiro');
insert into tb_cidade (codigo_cidade, nome_cidade) values (17,'Vitória');
insert into tb_cidade (codigo_cidade, nome_cidade) values (18,'Curitiba');
insert into tb_cidade (codigo_cidade, nome_cidade) values (19,'Porto Alegre');
insert into tb_cidade (codigo_cidade, nome_cidade) values (20,'Florianópolis');
insert into tb_cidade (codigo_cidade, nome_cidade) values (21,'Cuiabá');
insert into tb_cidade (codigo_cidade, nome_cidade) values (22,'Campo Grande');
insert into tb_cidade (codigo_cidade, nome_cidade) values (23,'Goiânia');
insert into tb_cidade (codigo_cidade, nome_cidade) values (24,'Brasília');
insert into tb_cidade (codigo_cidade, nome_cidade) values (25,'Palmas');
insert into tb_cidade (codigo_cidade, nome_cidade) values (26,'Salvador');
insert into tb_cidade (codigo_cidade, nome_cidade) values (27,'Aracaju');
insert into tb_cidade (codigo_cidade, nome_cidade) values (28,'Recife');
insert into tb_cidade (codigo_cidade, nome_cidade) values (29,'Teresina');
insert into tb_cidade (codigo_cidade, nome_cidade) values (30,'Maceió');
insert into tb_cidade (codigo_cidade, nome_cidade) values (31,'João Pessoa');
insert into tb_cidade (codigo_cidade, nome_cidade) values (32,'São Luís');
insert into tb_cidade (codigo_cidade, nome_cidade) values (33,'Natal');
insert into tb_cidade (codigo_cidade, nome_cidade) values (34,'Fortaleza');
insert into tb_cidade (codigo_cidade, nome_cidade) values (35,'Manaus');
insert into tb_cidade (codigo_cidade, nome_cidade) values (36,'Belém');
insert into tb_cidade (codigo_cidade, nome_cidade) values (37,'Rio Branco');
insert into tb_cidade (codigo_cidade, nome_cidade) values (38,'Macapá');
insert into tb_cidade (codigo_cidade, nome_cidade) values (39,'Porto Velho');
insert into tb_cidade (codigo_cidade, nome_cidade) values (40,'Boa Vista');

-- tb_ddd
insert into tb_ddd (codigo_ddd, ddd) values (1,'11');
insert into tb_ddd (codigo_ddd, ddd) values (2,'12');
insert into tb_ddd (codigo_ddd, ddd) values (3,'13');
insert into tb_ddd (codigo_ddd, ddd) values (4,'14');
insert into tb_ddd (codigo_ddd, ddd) values (5,'15');
insert into tb_ddd (codigo_ddd, ddd) values (6,'16');
insert into tb_ddd (codigo_ddd, ddd) values (7,'17');
insert into tb_ddd (codigo_ddd, ddd) values (8,'18');
insert into tb_ddd (codigo_ddd, ddd) values (9,'19');
insert into tb_ddd (codigo_ddd, ddd) values (10,'21');
insert into tb_ddd (codigo_ddd, ddd) values (11,'22');
insert into tb_ddd (codigo_ddd, ddd) values (12,'24');
insert into tb_ddd (codigo_ddd, ddd) values (13,'27');
insert into tb_ddd (codigo_ddd, ddd) values (14,'28');
insert into tb_ddd (codigo_ddd, ddd) values (15,'31');
insert into tb_ddd (codigo_ddd, ddd) values (16,'32');
insert into tb_ddd (codigo_ddd, ddd) values (17,'33');
insert into tb_ddd (codigo_ddd, ddd) values (18,'34');
insert into tb_ddd (codigo_ddd, ddd) values (19,'35');
insert into tb_ddd (codigo_ddd, ddd) values (20,'37');
insert into tb_ddd (codigo_ddd, ddd) values (21,'38');
insert into tb_ddd (codigo_ddd, ddd) values (22,'41');
insert into tb_ddd (codigo_ddd, ddd) values (23,'42');
insert into tb_ddd (codigo_ddd, ddd) values (24,'43');
insert into tb_ddd (codigo_ddd, ddd) values (25,'44');
insert into tb_ddd (codigo_ddd, ddd) values (26,'45');
insert into tb_ddd (codigo_ddd, ddd) values (27,'46');
insert into tb_ddd (codigo_ddd, ddd) values (28,'47');
insert into tb_ddd (codigo_ddd, ddd) values (29,'48');
insert into tb_ddd (codigo_ddd, ddd) values (30,'49');
insert into tb_ddd (codigo_ddd, ddd) values (31,'51');
insert into tb_ddd (codigo_ddd, ddd) values (32,'53');
insert into tb_ddd (codigo_ddd, ddd) values (33,'54');
insert into tb_ddd (codigo_ddd, ddd) values (34,'55');
insert into tb_ddd (codigo_ddd, ddd) values (35,'61');
insert into tb_ddd (codigo_ddd, ddd) values (36,'62');
insert into tb_ddd (codigo_ddd, ddd) values (37,'63');
insert into tb_ddd (codigo_ddd, ddd) values (38,'64');
insert into tb_ddd (codigo_ddd, ddd) values (39,'65');
insert into tb_ddd (codigo_ddd, ddd) values (40,'66');
insert into tb_ddd (codigo_ddd, ddd) values (41,'67');
insert into tb_ddd (codigo_ddd, ddd) values (42,'68');
insert into tb_ddd (codigo_ddd, ddd) values (43,'69');
insert into tb_ddd (codigo_ddd, ddd) values (44,'71');
insert into tb_ddd (codigo_ddd, ddd) values (45,'73');
insert into tb_ddd (codigo_ddd, ddd) values (46,'74');
insert into tb_ddd (codigo_ddd, ddd) values (47,'75');
insert into tb_ddd (codigo_ddd, ddd) values (48,'77');
insert into tb_ddd (codigo_ddd, ddd) values (49,'79');
insert into tb_ddd (codigo_ddd, ddd) values (50,'81');
insert into tb_ddd (codigo_ddd, ddd) values (51,'82');
insert into tb_ddd (codigo_ddd, ddd) values (52,'83');
insert into tb_ddd (codigo_ddd, ddd) values (53,'84');
insert into tb_ddd (codigo_ddd, ddd) values (54,'85');
insert into tb_ddd (codigo_ddd, ddd) values (55,'86');
insert into tb_ddd (codigo_ddd, ddd) values (56,'87');
insert into tb_ddd (codigo_ddd, ddd) values (57,'88');
insert into tb_ddd (codigo_ddd, ddd) values (58,'89');
insert into tb_ddd (codigo_ddd, ddd) values (59,'91');
insert into tb_ddd (codigo_ddd, ddd) values (60,'92');
insert into tb_ddd (codigo_ddd, ddd) values (61,'93');
insert into tb_ddd (codigo_ddd, ddd) values (62,'94');
insert into tb_ddd (codigo_ddd, ddd) values (63,'95');
insert into tb_ddd (codigo_ddd, ddd) values (64,'96');
insert into tb_ddd (codigo_ddd, ddd) values (65,'97');
insert into tb_ddd (codigo_ddd, ddd) values (66,'98');
insert into tb_ddd (codigo_ddd, ddd) values (67,'99');

-- tb_ddi
insert into tb_ddi (codigo_ddi, ddi) values (1,'+49');
insert into tb_ddi (codigo_ddi, ddi) values (2,'+54');
insert into tb_ddi (codigo_ddi, ddi) values (3,'+55');
insert into tb_ddi (codigo_ddi, ddi) values (4,'+1');
insert into tb_ddi (codigo_ddi, ddi) values (5,'+33');
insert into tb_ddi (codigo_ddi, ddi) values (6,'+81');
insert into tb_ddi (codigo_ddi, ddi) values (7,'+595');
insert into tb_ddi (codigo_ddi, ddi) values (8,'+44');
insert into tb_ddi (codigo_ddi, ddi) values (9,'+598');
insert into tb_ddi (codigo_ddi, ddi) values (10,'+58');
insert into tb_ddi (codigo_ddi, ddi) values (11,'+244');
insert into tb_ddi (codigo_ddi, ddi) values (12,'+52');
insert into tb_ddi (codigo_ddi, ddi) values (13,'+27');
insert into tb_ddi (codigo_ddi, ddi) values (14,'+56');
insert into tb_ddi (codigo_ddi, ddi) values (15,'+57');

-- tb_pais
insert into tb_pais (codigo_pais, nome_pais) values (1,'Alemanha');
insert into tb_pais (codigo_pais, nome_pais) values (2,'Argentina');
insert into tb_pais (codigo_pais, nome_pais) values (3,'Brasil');
insert into tb_pais (codigo_pais, nome_pais) values (4,'EUA');
insert into tb_pais (codigo_pais, nome_pais) values (5,'França');
insert into tb_pais (codigo_pais, nome_pais) values (6,'Japão');
insert into tb_pais (codigo_pais, nome_pais) values (7,'Paraguai');
insert into tb_pais (codigo_pais, nome_pais) values (8,'Reino Unido');
insert into tb_pais (codigo_pais, nome_pais) values (9,'Uruguai');
insert into tb_pais (codigo_pais, nome_pais) values (10,'Venezuela');
insert into tb_pais (codigo_pais, nome_pais) values (11,'Angola');
insert into tb_pais (codigo_pais, nome_pais) values (12,'México');
insert into tb_pais (codigo_pais, nome_pais) values (13,'África do Sul');
insert into tb_pais (codigo_pais, nome_pais) values (14,'Chile');
insert into tb_pais (codigo_pais, nome_pais) values (15,'Colômbia');


-- tb_tipo_documento
insert into tb_tipo_documento (codigo_tipo_documento, descricao_tipo_documento) values (1, 'Carteira de Registro Nacional Migratório');
insert into tb_tipo_documento (codigo_tipo_documento, descricao_tipo_documento) values (2, 'Passaporte');
insert into tb_tipo_documento (codigo_tipo_documento, descricao_tipo_documento) values (3, 'Seguro Social');
insert into tb_tipo_documento (codigo_tipo_documento, descricao_tipo_documento) values (4, 'Certidão de Nascimento');
insert into tb_tipo_documento (codigo_tipo_documento, descricao_tipo_documento) values (5, 'Carteira de Habilitação para Motorista');
insert into tb_tipo_documento (codigo_tipo_documento, descricao_tipo_documento) values (6, 'Carteira de Trabalho e Previdência Social');

-- tb_genero
insert into tb_genero (codigo_genero, descricao_genero) values (1, 'FEMININO');
insert into tb_genero (codigo_genero, descricao_genero) values (2, 'MASCULINO');
insert into tb_genero (codigo_genero, descricao_genero) values (3, 'NÃO-BINÁRIO');
insert into tb_genero (codigo_genero, descricao_genero) values (4, 'AGÊNERO');
insert into tb_genero (codigo_genero, descricao_genero) values (5, 'PESSOA TRANS');

-- tb_status_do_pedido
insert into tb_status_do_pedido (codigo_status_do_pedido, descricao_status) values (1, 'AGUARDANDO PAGAMENTO');
insert into tb_status_do_pedido (codigo_status_do_pedido, descricao_status) values (2, 'PAGAMENTO CONFIRMADO');
insert into tb_status_do_pedido (codigo_status_do_pedido, descricao_status) values (3, 'EM SEPARAÇÃO');
insert into tb_status_do_pedido (codigo_status_do_pedido, descricao_status) values (4, 'PEDIDO ENVIADO');
insert into tb_status_do_pedido (codigo_status_do_pedido, descricao_status) values (5, 'PEDIDO CONCLUÍDO');

-- tb_categoria
insert into tb_categoria (codigo_categoria, descricao_categoria) values (1, 'HIGIENE E LIMPEZA');
insert into tb_categoria (codigo_categoria, descricao_categoria) values (2, 'PERECÍVEIS');
insert into tb_categoria (codigo_categoria, descricao_categoria) values (3, 'NÃO PERECÍVEIS');

-- tb_telefone
-- celular brasil
insert into tb_telefone (codigo_telefone, codigo_ddi, codigo_ddd, telefone, flag_whatsapp) values (0, 3, 23, 938683226, 1);
insert into tb_telefone (codigo_telefone, codigo_ddi, codigo_ddd, telefone, flag_whatsapp) values (1, 3, 36, 985953825, 0);
insert into tb_telefone (codigo_telefone, codigo_ddi, codigo_ddd, telefone, flag_whatsapp) values (2, 3, 24, 979378559, 0);
insert into tb_telefone (codigo_telefone, codigo_ddi, codigo_ddd, telefone, flag_whatsapp) values (3, 3, 59, 936771554, 0);
insert into tb_telefone (codigo_telefone, codigo_ddi, codigo_ddd, telefone, flag_whatsapp) values (4, 3, 35, 969541049, 0);
insert into tb_telefone (codigo_telefone, codigo_ddi, codigo_ddd, telefone, flag_whatsapp) values (5, 3, 9, 972583235, 1);
insert into tb_telefone (codigo_telefone, codigo_ddi, codigo_ddd, telefone, flag_whatsapp) values (6, 3, 37, 979784828, 1);
insert into tb_telefone (codigo_telefone, codigo_ddi, codigo_ddd, telefone, flag_whatsapp) values (7, 3, 41, 956842342, 0);
insert into tb_telefone (codigo_telefone, codigo_ddi, codigo_ddd, telefone, flag_whatsapp) values (8, 3, 47, 939489566, 1);
insert into tb_telefone (codigo_telefone, codigo_ddi, codigo_ddd, telefone, flag_whatsapp) values (9, 3, 41, 915905553, 1);
insert into tb_telefone (codigo_telefone, codigo_ddi, codigo_ddd, telefone, flag_whatsapp) values (10, 3, 13, 929129567, 0);
insert into tb_telefone (codigo_telefone, codigo_ddi, codigo_ddd, telefone, flag_whatsapp) values (11, 3, 60, 926828370, 1);
insert into tb_telefone (codigo_telefone, codigo_ddi, codigo_ddd, telefone, flag_whatsapp) values (12, 3, 24, 972992366, 1);
insert into tb_telefone (codigo_telefone, codigo_ddi, codigo_ddd, telefone, flag_whatsapp) values (13, 3, 47, 938023070, 0);
insert into tb_telefone (codigo_telefone, codigo_ddi, codigo_ddd, telefone, flag_whatsapp) values (14, 3, 64, 996363819, 1);
insert into tb_telefone (codigo_telefone, codigo_ddi, codigo_ddd, telefone, flag_whatsapp) values (15, 3, 27, 990297734, 0);
insert into tb_telefone (codigo_telefone, codigo_ddi, codigo_ddd, telefone, flag_whatsapp) values (16, 3, 67, 983385688, 1);
insert into tb_telefone (codigo_telefone, codigo_ddi, codigo_ddd, telefone, flag_whatsapp) values (17, 3, 19, 992488860, 0);
insert into tb_telefone (codigo_telefone, codigo_ddi, codigo_ddd, telefone, flag_whatsapp) values (18, 3, 44, 940449056, 0);
insert into tb_telefone (codigo_telefone, codigo_ddi, codigo_ddd, telefone, flag_whatsapp) values (19, 3, 30, 953734577, 1);
insert into tb_telefone (codigo_telefone, codigo_ddi, codigo_ddd, telefone, flag_whatsapp) values (20, 3, 63, 926916073, 0);
-- celular sp
insert into tb_telefone (codigo_telefone, codigo_ddi, codigo_ddd, telefone, flag_whatsapp) values (21, 3, 1, 923917018, 0);
insert into tb_telefone (codigo_telefone, codigo_ddi, codigo_ddd, telefone, flag_whatsapp) values (22, 3, 1, 915486653, 0);
insert into tb_telefone (codigo_telefone, codigo_ddi, codigo_ddd, telefone, flag_whatsapp) values (23, 3, 1, 918722189, 0);
insert into tb_telefone (codigo_telefone, codigo_ddi, codigo_ddd, telefone, flag_whatsapp) values (24, 3, 1, 919357285, 1);
insert into tb_telefone (codigo_telefone, codigo_ddi, codigo_ddd, telefone, flag_whatsapp) values (25, 3, 1, 972753652, 0);
insert into tb_telefone (codigo_telefone, codigo_ddi, codigo_ddd, telefone, flag_whatsapp) values (26, 3, 1, 951003741, 1);
insert into tb_telefone (codigo_telefone, codigo_ddi, codigo_ddd, telefone, flag_whatsapp) values (27, 3, 1, 964855639, 0);
insert into tb_telefone (codigo_telefone, codigo_ddi, codigo_ddd, telefone, flag_whatsapp) values (28, 3, 1, 925121753, 1);
insert into tb_telefone (codigo_telefone, codigo_ddi, codigo_ddd, telefone, flag_whatsapp) values (29, 3, 1, 920372077, 1);
insert into tb_telefone (codigo_telefone, codigo_ddi, codigo_ddd, telefone, flag_whatsapp) values (30, 3, 1, 984504236, 0);
insert into tb_telefone (codigo_telefone, codigo_ddi, codigo_ddd, telefone, flag_whatsapp) values (31, 3, 1, 959707687, 1);
insert into tb_telefone (codigo_telefone, codigo_ddi, codigo_ddd, telefone, flag_whatsapp) values (32, 3, 1, 998736857, 1);
insert into tb_telefone (codigo_telefone, codigo_ddi, codigo_ddd, telefone, flag_whatsapp) values (33, 3, 1, 991677938, 1);
insert into tb_telefone (codigo_telefone, codigo_ddi, codigo_ddd, telefone, flag_whatsapp) values (34, 3, 1, 914106787, 0);
insert into tb_telefone (codigo_telefone, codigo_ddi, codigo_ddd, telefone, flag_whatsapp) values (35, 3, 1, 954902615, 0);
insert into tb_telefone (codigo_telefone, codigo_ddi, codigo_ddd, telefone, flag_whatsapp) values (36, 3, 1, 944045473, 0);
insert into tb_telefone (codigo_telefone, codigo_ddi, codigo_ddd, telefone, flag_whatsapp) values (37, 3, 1, 925035157, 0);
insert into tb_telefone (codigo_telefone, codigo_ddi, codigo_ddd, telefone, flag_whatsapp) values (38, 3, 1, 974752576, 0);
insert into tb_telefone (codigo_telefone, codigo_ddi, codigo_ddd, telefone, flag_whatsapp) values (39, 3, 1, 929023297, 0);
insert into tb_telefone (codigo_telefone, codigo_ddi, codigo_ddd, telefone, flag_whatsapp) values (40, 3, 1, 972907015, 0);
insert into tb_telefone (codigo_telefone, codigo_ddi, codigo_ddd, telefone, flag_whatsapp) values (41, 3, 1, 961386858, 1);
insert into tb_telefone (codigo_telefone, codigo_ddi, codigo_ddd, telefone, flag_whatsapp) values (42, 3, 1, 930918349, 1);
insert into tb_telefone (codigo_telefone, codigo_ddi, codigo_ddd, telefone, flag_whatsapp) values (43, 3, 1, 980873965, 1);
insert into tb_telefone (codigo_telefone, codigo_ddi, codigo_ddd, telefone, flag_whatsapp) values (44, 3, 1, 925026414, 0);
insert into tb_telefone (codigo_telefone, codigo_ddi, codigo_ddd, telefone, flag_whatsapp) values (45, 3, 1, 978256670, 1);
insert into tb_telefone (codigo_telefone, codigo_ddi, codigo_ddd, telefone, flag_whatsapp) values (46, 3, 1, 965901245, 1);
insert into tb_telefone (codigo_telefone, codigo_ddi, codigo_ddd, telefone, flag_whatsapp) values (47, 3, 1, 922900237, 0);
insert into tb_telefone (codigo_telefone, codigo_ddi, codigo_ddd, telefone, flag_whatsapp) values (48, 3, 1, 972677748, 1);
insert into tb_telefone (codigo_telefone, codigo_ddi, codigo_ddd, telefone, flag_whatsapp) values (49, 3, 1, 951758413, 1);
insert into tb_telefone (codigo_telefone, codigo_ddi, codigo_ddd, telefone, flag_whatsapp) values (50, 3, 1, 953614914, 1);
-- tel fixo sp
insert into tb_telefone (codigo_telefone, codigo_ddi, codigo_ddd, telefone, flag_whatsapp) values (51, 3, 1, 48685957, 0);
insert into tb_telefone (codigo_telefone, codigo_ddi, codigo_ddd, telefone, flag_whatsapp) values (52, 3, 1, 36114453, 0);
insert into tb_telefone (codigo_telefone, codigo_ddi, codigo_ddd, telefone, flag_whatsapp) values (53, 3, 1, 90671541, 0);
insert into tb_telefone (codigo_telefone, codigo_ddi, codigo_ddd, telefone, flag_whatsapp) values (54, 3, 1, 22390620, 0);
insert into tb_telefone (codigo_telefone, codigo_ddi, codigo_ddd, telefone, flag_whatsapp) values (55, 3, 1, 30988875, 0);
insert into tb_telefone (codigo_telefone, codigo_ddi, codigo_ddd, telefone, flag_whatsapp) values (56, 3, 1, 18480082, 0);
insert into tb_telefone (codigo_telefone, codigo_ddi, codigo_ddd, telefone, flag_whatsapp) values (57, 3, 1, 28526447, 0);
insert into tb_telefone (codigo_telefone, codigo_ddi, codigo_ddd, telefone, flag_whatsapp) values (58, 3, 1, 19897428, 0);
insert into tb_telefone (codigo_telefone, codigo_ddi, codigo_ddd, telefone, flag_whatsapp) values (59, 3, 1, 19728889, 0);
insert into tb_telefone (codigo_telefone, codigo_ddi, codigo_ddd, telefone, flag_whatsapp) values (60, 3, 1, 65697502, 0);
insert into tb_telefone (codigo_telefone, codigo_ddi, codigo_ddd, telefone, flag_whatsapp) values (61, 3, 1, 69593385, 0);
insert into tb_telefone (codigo_telefone, codigo_ddi, codigo_ddd, telefone, flag_whatsapp) values (62, 3, 1, 43961983, 0);
insert into tb_telefone (codigo_telefone, codigo_ddi, codigo_ddd, telefone, flag_whatsapp) values (63, 3, 1, 63590828, 0);
insert into tb_telefone (codigo_telefone, codigo_ddi, codigo_ddd, telefone, flag_whatsapp) values (64, 3, 1, 82203609, 0);
insert into tb_telefone (codigo_telefone, codigo_ddi, codigo_ddd, telefone, flag_whatsapp) values (65, 3, 1, 70116489, 0);
insert into tb_telefone (codigo_telefone, codigo_ddi, codigo_ddd, telefone, flag_whatsapp) values (66, 3, 1, 51989199, 0);
insert into tb_telefone (codigo_telefone, codigo_ddi, codigo_ddd, telefone, flag_whatsapp) values (67, 3, 1, 44059834, 0);
insert into tb_telefone (codigo_telefone, codigo_ddi, codigo_ddd, telefone, flag_whatsapp) values (68, 3, 1, 17444685, 0);
insert into tb_telefone (codigo_telefone, codigo_ddi, codigo_ddd, telefone, flag_whatsapp) values (69, 3, 1, 73527720, 0);
insert into tb_telefone (codigo_telefone, codigo_ddi, codigo_ddd, telefone, flag_whatsapp) values (70, 3, 1, 50854396, 0);
-- celular estrangeiro
insert into tb_telefone (codigo_telefone, codigo_ddi, codigo_ddd, telefone, flag_whatsapp) values (71, 14,  30, 916350660, 1);
insert into tb_telefone (codigo_telefone, codigo_ddi, codigo_ddd, telefone, flag_whatsapp) values (72, 12,  40, 995057359, 0);
insert into tb_telefone (codigo_telefone, codigo_ddi, codigo_ddd, telefone, flag_whatsapp) values (73, 9,  36, 938593369, 0);
insert into tb_telefone (codigo_telefone, codigo_ddi, codigo_ddd, telefone, flag_whatsapp) values (74, 8,  62, 976605023, 1);
insert into tb_telefone (codigo_telefone, codigo_ddi, codigo_ddd, telefone, flag_whatsapp) values (75, 8,  52, 984210656, 1);
insert into tb_telefone (codigo_telefone, codigo_ddi, codigo_ddd, telefone, flag_whatsapp) values (76, 5,  50, 970704766, 1);
insert into tb_telefone (codigo_telefone, codigo_ddi, codigo_ddd, telefone, flag_whatsapp) values (77, 1,  52, 937513000, 1);
insert into tb_telefone (codigo_telefone, codigo_ddi, codigo_ddd, telefone, flag_whatsapp) values (78, 7,  1, 975286348, 1);
insert into tb_telefone (codigo_telefone, codigo_ddi, codigo_ddd, telefone, flag_whatsapp) values (79, 4,  41, 989028297, 0);
insert into tb_telefone (codigo_telefone, codigo_ddi, codigo_ddd, telefone, flag_whatsapp) values (80, 12,  12, 954305689, 0);
-- fixo br
insert into tb_telefone (codigo_telefone, codigo_ddi, codigo_ddd, telefone, flag_whatsapp) values (81, 3, 60, 63049636, 0);
insert into tb_telefone (codigo_telefone, codigo_ddi, codigo_ddd, telefone, flag_whatsapp) values (82, 3, 48, 80448400, 0);
insert into tb_telefone (codigo_telefone, codigo_ddi, codigo_ddd, telefone, flag_whatsapp) values (83, 3, 30, 85158955, 0);
insert into tb_telefone (codigo_telefone, codigo_ddi, codigo_ddd, telefone, flag_whatsapp) values (84, 3, 38, 85369735, 0);
insert into tb_telefone (codigo_telefone, codigo_ddi, codigo_ddd, telefone, flag_whatsapp) values (85, 3, 45, 76235410, 0);
insert into tb_telefone (codigo_telefone, codigo_ddi, codigo_ddd, telefone, flag_whatsapp) values (86, 3, 17, 82224402, 0);
insert into tb_telefone (codigo_telefone, codigo_ddi, codigo_ddd, telefone, flag_whatsapp) values (87, 3, 1, 36287016, 0);
insert into tb_telefone (codigo_telefone, codigo_ddi, codigo_ddd, telefone, flag_whatsapp) values (88, 3, 58, 86266330, 0);
insert into tb_telefone (codigo_telefone, codigo_ddi, codigo_ddd, telefone, flag_whatsapp) values (89, 3, 16, 12385898, 0);
insert into tb_telefone (codigo_telefone, codigo_ddi, codigo_ddd, telefone, flag_whatsapp) values (90, 3, 6, 89996624, 0);
insert into tb_telefone (codigo_telefone, codigo_ddi, codigo_ddd, telefone, flag_whatsapp) values (91, 3, 24, 82654888, 0);
insert into tb_telefone (codigo_telefone, codigo_ddi, codigo_ddd, telefone, flag_whatsapp) values (92, 3, 64, 32965475, 0);
insert into tb_telefone (codigo_telefone, codigo_ddi, codigo_ddd, telefone, flag_whatsapp) values (93, 3, 8, 86492550, 0);
insert into tb_telefone (codigo_telefone, codigo_ddi, codigo_ddd, telefone, flag_whatsapp) values (94, 3, 52, 88757241, 0);
insert into tb_telefone (codigo_telefone, codigo_ddi, codigo_ddd, telefone, flag_whatsapp) values (95, 3, 62, 69207688, 0);
insert into tb_telefone (codigo_telefone, codigo_ddi, codigo_ddd, telefone, flag_whatsapp) values (96, 3, 44, 64135684, 0);
insert into tb_telefone (codigo_telefone, codigo_ddi, codigo_ddd, telefone, flag_whatsapp) values (97, 3, 3, 25391338, 0);
insert into tb_telefone (codigo_telefone, codigo_ddi, codigo_ddd, telefone, flag_whatsapp) values (98, 3, 29, 39975081, 0);
insert into tb_telefone (codigo_telefone, codigo_ddi, codigo_ddd, telefone, flag_whatsapp) values (99, 3, 4, 65728436, 0);
insert into tb_telefone (codigo_telefone, codigo_ddi, codigo_ddd, telefone, flag_whatsapp) values (100, 3, 39, 91933093, 0);

-- tb_endereco
insert into tb_endereco
        (codigo_endereco, logradouro, numero, complemento, cep, codigo_cidade, codigo_uf) values
        (1, 'RUA MERCEDES SOSA', 2712, null, '17930-590', 9, 25);
insert into tb_endereco
        (codigo_endereco, logradouro, numero, complemento, cep, codigo_cidade, codigo_uf) values
        (2, 'AV. SANTOS DUMONT', 3118, null, '39374-667', 5, 25);
insert into tb_endereco
        (codigo_endereco, logradouro, numero, complemento, cep, codigo_cidade, codigo_uf) values
        (3, 'AV. ANTÔNIO CARLOS', 3944, 'APTO. 371', '87113-636', 14, 25);
insert into tb_endereco
        (codigo_endereco, logradouro, numero, complemento, cep, codigo_cidade, codigo_uf) values
        (4, 'AV. 13 DE OUTUBRO', 3773, null, '96422-378', 13, 25);
insert into tb_endereco
        (codigo_endereco, logradouro, numero, complemento, cep, codigo_cidade, codigo_uf) values
        (5, 'RUA ANHANGUERA', 2849, 'CASA 251', '74547-648', 6, 25);
insert into tb_endereco
        (codigo_endereco, logradouro, numero, complemento, cep, codigo_cidade, codigo_uf) values
        (6, 'RUA ARNALDO BAPTISTA', 453, null, '70824-457', 3, 25);
insert into tb_endereco
        (codigo_endereco, logradouro, numero, complemento, cep, codigo_cidade, codigo_uf) values
        (7, 'RUA SANTA RITA', 4219, 'BLOCO 291', '17651-434', 3, 25);
insert into tb_endereco
        (codigo_endereco, logradouro, numero, complemento, cep, codigo_cidade, codigo_uf) values
        (8, 'VIA MACHADO DE ASSIS', 4486, null, '53881-969', 6, 25);
insert into tb_endereco
        (codigo_endereco, logradouro, numero, complemento, cep, codigo_cidade, codigo_uf) values
        (9, 'RUA PITANGUEIRAS', 3952, null, '28948-244', 3, 25);
insert into tb_endereco
        (codigo_endereco, logradouro, numero, complemento, cep, codigo_cidade, codigo_uf) values
        (10, 'RUA 3 DE MARÇO', 1513, null, '13104-992', 11, 25);
insert into tb_endereco
        (codigo_endereco, logradouro, numero, complemento, cep, codigo_cidade, codigo_uf) values
        (11, 'RUA DOS PÁSSAROS', 987, null, '50960-989', 13, 25);
insert into tb_endereco
        (codigo_endereco, logradouro, numero, complemento, cep, codigo_cidade, codigo_uf) values
        (12, 'AV. GANDAVO', 4586, 'APTO. 231', '67572-403', 4, 25);
insert into tb_endereco
        (codigo_endereco, logradouro, numero, complemento, cep, codigo_cidade, codigo_uf) values
        (13, 'PRAÇA BAHIA', 799, null, '18717-531', 5, 25);
insert into tb_endereco
        (codigo_endereco, logradouro, numero, complemento, cep, codigo_cidade, codigo_uf) values
        (14, 'AV. DOMINGOS DE MORAES', 369, null, '43130-562', 10, 25);
insert into tb_endereco
        (codigo_endereco, logradouro, numero, complemento, cep, codigo_cidade, codigo_uf) values
        (15, 'AV. MACHADO DE ASSIS', 1605, null, '93123-966', 6, 25);
insert into tb_endereco
        (codigo_endereco, logradouro, numero, complemento, cep, codigo_cidade, codigo_uf) values
        (16, 'RUA CAPITÃO MACEDO', 2556, 'APTO. 351', '76028-27', 8, 25);
insert into tb_endereco
        (codigo_endereco, logradouro, numero, complemento, cep, codigo_cidade, codigo_uf) values
        (17, 'PRAÇA GUARAÚ', 3822, null, '94460-188', 5, 25);
insert into tb_endereco
        (codigo_endereco, logradouro, numero, complemento, cep, codigo_cidade, codigo_uf) values
        (18, 'LARGO PEDRO LESSA', 2747, null, '45038-481', 10, 25);
insert into tb_endereco
        (codigo_endereco, logradouro, numero, complemento, cep, codigo_cidade, codigo_uf) values
        (19, 'RUA 25 DE ABRIL', 4269, 'AP. 351', '74258-821', 3, 25);
insert into tb_endereco
        (codigo_endereco, logradouro, numero, complemento, cep, codigo_cidade, codigo_uf) values
        (20, 'RUA GUARAÚ', 4453, 'APARTAMENTO 21', '28425-77', 5, 25);
insert into tb_endereco
        (codigo_endereco, logradouro, numero, complemento, cep, codigo_cidade, codigo_uf) values
        (21, 'RUA DAS ARARAS', 2197, 'APTO. 411', '66285-504', 11, 25);
insert into tb_endereco
        (codigo_endereco, logradouro, numero, complemento, cep, codigo_cidade, codigo_uf) values
        (22, 'RUA DAS ROSAS', 4445, null, '13339-753', 11, 25);
insert into tb_endereco
        (codigo_endereco, logradouro, numero, complemento, cep, codigo_cidade, codigo_uf) values
        (23, 'AV. DOMINGOS DE MORAES', 2788, null, '19873-168', 13, 25);
insert into tb_endereco
        (codigo_endereco, logradouro, numero, complemento, cep, codigo_cidade, codigo_uf) values
        (24, 'RUA CAPITÃO MACEDO', 4013, null, '86772-838', 10, 25);
insert into tb_endereco
        (codigo_endereco, logradouro, numero, complemento, cep, codigo_cidade, codigo_uf) values
        (25, 'LARGO DAS ORTÊNCIAS', 433, 'APARTAMENTO 211', '33038-633', 8, 25);
insert into tb_endereco
        (codigo_endereco, logradouro, numero, complemento, cep, codigo_cidade, codigo_uf) values
        (26, 'AV. DO ESTADO', 4532, null, '38407-598', 12, 25);
insert into tb_endereco
        (codigo_endereco, logradouro, numero, complemento, cep, codigo_cidade, codigo_uf) values
        (27, 'PRAÇA PIAUÍ', 3067, 'BLOCO 61', '75524-755', 8, 25);
insert into tb_endereco
        (codigo_endereco, logradouro, numero, complemento, cep, codigo_cidade, codigo_uf) values
        (28, 'RUA GETULIO VARGAS', 22, null, '80286-341', 1, 25);
insert into tb_endereco
        (codigo_endereco, logradouro, numero, complemento, cep, codigo_cidade, codigo_uf) values
        (29, 'RUA MERCEDES SOSA', 4586, 'APARTAMENTO 141', '34944-610', 7, 25);
insert into tb_endereco
        (codigo_endereco, logradouro, numero, complemento, cep, codigo_cidade, codigo_uf) values
        (30, 'RUA ANHANGUERA', 975, 'APARTAMENTO 381', '47265-454', 12, 25);
insert into tb_endereco
        (codigo_endereco, logradouro, numero, complemento, cep, codigo_cidade, codigo_uf) values
        (31, 'AV. DO MACHADO', 3892, 'APARTAMENTO 161', '14839-949', 13, 25);
insert into tb_endereco
        (codigo_endereco, logradouro, numero, complemento, cep, codigo_cidade, codigo_uf) values
        (32, 'LARGO TIRADENTES', 3287, 'CASA 301', '32363-940', 3, 25);
insert into tb_endereco
        (codigo_endereco, logradouro, numero, complemento, cep, codigo_cidade, codigo_uf) values
        (33, 'PRAÇA REBOUÇAS', 3009, 'CASA 181', '37217-244', 11, 25);
insert into tb_endereco
        (codigo_endereco, logradouro, numero, complemento, cep, codigo_cidade, codigo_uf) values
        (34, 'RUA SENADOR RAUL CARDOSO', 3927, 'APTO. 211', '19886-611', 8, 25);
insert into tb_endereco
        (codigo_endereco, logradouro, numero, complemento, cep, codigo_cidade, codigo_uf) values
        (35, 'AV. PITANGUEIRAS', 3135, 'APTO. 301', '83138-905', 11, 25);
insert into tb_endereco
        (codigo_endereco, logradouro, numero, complemento, cep, codigo_cidade, codigo_uf) values
        (36, 'AV. IPIRANGA', 3056, null, '15592-225', 10, 25);
insert into tb_endereco
        (codigo_endereco, logradouro, numero, complemento, cep, codigo_cidade, codigo_uf) values
        (37, 'RUA DO MACHADO', 3194, 'AP. 31', '51262-973', 6, 25);
insert into tb_endereco
        (codigo_endereco, logradouro, numero, complemento, cep, codigo_cidade, codigo_uf) values
        (38, 'PRAÇA GETULIO VARGAS', 1583, 'BLOCO 121', '92552-46', 7, 25);
insert into tb_endereco
        (codigo_endereco, logradouro, numero, complemento, cep, codigo_cidade, codigo_uf) values
        (39, 'RUA ANCHIETA', 1750, 'CASA 421', '50852-490', 4, 25);
insert into tb_endereco
        (codigo_endereco, logradouro, numero, complemento, cep, codigo_cidade, codigo_uf) values
        (40, 'RUA PITANGUEIRAS', 3327, 'AP. 441', '18455-60', 7, 25);
insert into tb_endereco
        (codigo_endereco, logradouro, numero, complemento, cep, codigo_cidade, codigo_uf) values
        (41, 'RUA TIRADENTES', 4200, null, '84891-411', 8, 25);
insert into tb_endereco
        (codigo_endereco, logradouro, numero, complemento, cep, codigo_cidade, codigo_uf) values
        (42, 'VIA ANTÔNIO CARLOS', 4858, null, '80888-283', 3, 25);
insert into tb_endereco
        (codigo_endereco, logradouro, numero, complemento, cep, codigo_cidade, codigo_uf) values
        (43, 'RUA CAPITÃO MACEDO', 122, null, '11959-762', 13, 25);
insert into tb_endereco
        (codigo_endereco, logradouro, numero, complemento, cep, codigo_cidade, codigo_uf) values
        (44, 'RUA ANTÔNIO CARLOS', 1279, 'APARTAMENTO 431', '61754-866', 6, 25);
insert into tb_endereco
        (codigo_endereco, logradouro, numero, complemento, cep, codigo_cidade, codigo_uf) values
        (45, 'RUA MACHADO DE ASSIS', 1089, 'APARTAMENTO 301', '13886-18', 5, 25);
insert into tb_endereco
        (codigo_endereco, logradouro, numero, complemento, cep, codigo_cidade, codigo_uf) values
        (46, 'LARGO DAS ARARAS', 2445, 'BLOCO 411', '91572-532', 5, 25);
insert into tb_endereco
        (codigo_endereco, logradouro, numero, complemento, cep, codigo_cidade, codigo_uf) values
        (47, 'PRAÇA ANCHIETA', 497, 'APARTAMENTO 21', '31104-554', 9, 25);
insert into tb_endereco
        (codigo_endereco, logradouro, numero, complemento, cep, codigo_cidade, codigo_uf) values
        (48, 'RUA PITANGUEIRAS', 1482, null, '58963-33', 12, 25);
insert into tb_endereco
        (codigo_endereco, logradouro, numero, complemento, cep, codigo_cidade, codigo_uf) values
        (49, 'LARGO ANHANGUERA', 3597, 'BLOCO 281', '69712-752', 5, 25);
insert into tb_endereco
        (codigo_endereco, logradouro, numero, complemento, cep, codigo_cidade, codigo_uf) values
        (50, 'VIA 13 DE OUTUBRO', 53, null, '84069-292', 10, 25);
insert into tb_endereco
        (codigo_endereco, logradouro, numero, complemento, cep, codigo_cidade, codigo_uf) values
        (51, 'VIA VITAL BRAZIL', 4909, 'APTO. 471', '61375-303', 1, 25);
insert into tb_endereco
        (codigo_endereco, logradouro, numero, complemento, cep, codigo_cidade, codigo_uf) values
        (52, 'AV. MACHADO DE ASSIS', 2126, null, '84756-743', 1, 25);
insert into tb_endereco
        (codigo_endereco, logradouro, numero, complemento, cep, codigo_cidade, codigo_uf) values
        (53, 'AV. BAHIA', 4599, null, '11659-277', 1, 25);
insert into tb_endereco
        (codigo_endereco, logradouro, numero, complemento, cep, codigo_cidade, codigo_uf) values
        (54, 'RUA 13 DE OUTUBRO', 546, 'BLOCO 331', '64819-607', 1, 25);
insert into tb_endereco
        (codigo_endereco, logradouro, numero, complemento, cep, codigo_cidade, codigo_uf) values
        (55, 'AV. DAS FLORES', 1018, 'APTO. 281', '15491-749', 1, 25);
insert into tb_endereco
        (codigo_endereco, logradouro, numero, complemento, cep, codigo_cidade, codigo_uf) values
        (56, 'RUA SANTOS DUMONT', 2671, 'APTO. 251', '88252-655', 1, 25);
insert into tb_endereco
        (codigo_endereco, logradouro, numero, complemento, cep, codigo_cidade, codigo_uf) values
        (57, 'RUA EÇA DE QUEIROZ', 3599, 'APTO. 381', '11619-328', 1, 25);
insert into tb_endereco
        (codigo_endereco, logradouro, numero, complemento, cep, codigo_cidade, codigo_uf) values
        (58, 'RUA SANTA RITA', 1435, null, '15661-676', 1, 25);
insert into tb_endereco
        (codigo_endereco, logradouro, numero, complemento, cep, codigo_cidade, codigo_uf) values
        (59, 'LARGO TIRADENTES', 2579, null, '16990-357', 1, 25);
insert into tb_endereco
        (codigo_endereco, logradouro, numero, complemento, cep, codigo_cidade, codigo_uf) values
        (60, 'AV. PEDRO LESSA', 3107, null, '76671-805', 1, 25);
insert into tb_endereco
        (codigo_endereco, logradouro, numero, complemento, cep, codigo_cidade, codigo_uf) values
        (61, 'RUA CAPITÃO MACEDO', 368, 'CASA 131', '75929-160', 1, 25);
insert into tb_endereco
        (codigo_endereco, logradouro, numero, complemento, cep, codigo_cidade, codigo_uf) values
        (62, 'RUA REFAZENDA', 2782, 'APARTAMENTO 301', '52616-964', 1, 25);
insert into tb_endereco
        (codigo_endereco, logradouro, numero, complemento, cep, codigo_cidade, codigo_uf) values
        (63, 'LARGO LUIZA ERUNDINA', 132, null, '99301-65', 1, 25);
insert into tb_endereco
        (codigo_endereco, logradouro, numero, complemento, cep, codigo_cidade, codigo_uf) values
        (64, 'VIA 25 DE ABRIL', 4210, null, '11012-142', 1, 25);
insert into tb_endereco
        (codigo_endereco, logradouro, numero, complemento, cep, codigo_cidade, codigo_uf) values
        (65, 'VIA WALLY SALOMÃO', 773, null, '60045-669', 1, 25);
insert into tb_endereco
        (codigo_endereco, logradouro, numero, complemento, cep, codigo_cidade, codigo_uf) values
        (66, 'LARGO DOMINGOS DE MORAES', 3000, null, '68958-184', 1, 25);
insert into tb_endereco
        (codigo_endereco, logradouro, numero, complemento, cep, codigo_cidade, codigo_uf) values
        (67, 'RUA REBOUÇAS', 1610, 'BLOCO 101', '64179-747', 1, 25);
insert into tb_endereco
        (codigo_endereco, logradouro, numero, complemento, cep, codigo_cidade, codigo_uf) values
        (68, 'LARGO DOS PÁSSAROS', 3963, 'AP. 291', '91934-911', 1, 25);
insert into tb_endereco
        (codigo_endereco, logradouro, numero, complemento, cep, codigo_cidade, codigo_uf) values
        (69, 'AV. BAHIA', 4029, null, '96463-24', 1, 25);
insert into tb_endereco
        (codigo_endereco, logradouro, numero, complemento, cep, codigo_cidade, codigo_uf) values
        (70, 'RUA 4 DE JANEIRO', 2370, null, '98379-911', 1, 25);
insert into tb_endereco
        (codigo_endereco, logradouro, numero, complemento, cep, codigo_cidade, codigo_uf) values
        (71, 'RUA ANHANGUERA', 510, 'BLOCO 11', '53678-406', 1, 25);
insert into tb_endereco
        (codigo_endereco, logradouro, numero, complemento, cep, codigo_cidade, codigo_uf) values
        (72, 'RUA REFAZENDA', 3076, 'APTO. 481', '29181-92', 1, 25);
insert into tb_endereco
        (codigo_endereco, logradouro, numero, complemento, cep, codigo_cidade, codigo_uf) values
        (73, 'RUA PERUÍBE', 2635, null, '29266-437', 1, 25);
insert into tb_endereco
        (codigo_endereco, logradouro, numero, complemento, cep, codigo_cidade, codigo_uf) values
        (74, 'RUA 25 DE ABRIL', 2395, null, '76830-347', 1, 25);
insert into tb_endereco
        (codigo_endereco, logradouro, numero, complemento, cep, codigo_cidade, codigo_uf) values
        (75, 'RUA TABATINGUERA', 4462, 'BLOCO 431', '99795-422', 1, 25);
insert into tb_endereco
        (codigo_endereco, logradouro, numero, complemento, cep, codigo_cidade, codigo_uf) values
        (76, 'RUA ANTÔNIO CARLOS', 34, 'CASA 231', '20399-639', 1, 25);
insert into tb_endereco
        (codigo_endereco, logradouro, numero, complemento, cep, codigo_cidade, codigo_uf) values
        (77, 'RUA SENADOR RAUL CARDOSO', 3085, null, '79333-871', 1, 25);
insert into tb_endereco
        (codigo_endereco, logradouro, numero, complemento, cep, codigo_cidade, codigo_uf) values
        (78, 'RUA ANTÔNIO CARLOS', 4900, 'AP. 431', '85313-148', 1, 25);
insert into tb_endereco
        (codigo_endereco, logradouro, numero, complemento, cep, codigo_cidade, codigo_uf) values
        (79, 'AV. NAPOLEÃO DE BARROS', 1656, null, '86694-267', 1, 25);
insert into tb_endereco
        (codigo_endereco, logradouro, numero, complemento, cep, codigo_cidade, codigo_uf) values
        (80, 'AV. REFAZENDA', 3629, 'CASA 251', '87563-478', 1, 25);
insert into tb_endereco
        (codigo_endereco, logradouro, numero, complemento, cep, codigo_cidade, codigo_uf) values
        (81, 'PRAÇA DO MACHADO', 1715, null, '50462-398', 1, 25);
insert into tb_endereco
        (codigo_endereco, logradouro, numero, complemento, cep, codigo_cidade, codigo_uf) values
        (82, 'RUA WALLY SALOMÃO', 149, null, '78649-925', 1, 25);
insert into tb_endereco
        (codigo_endereco, logradouro, numero, complemento, cep, codigo_cidade, codigo_uf) values
        (83, 'RUA REBOUÇAS', 51, null, '25973-334', 1, 25);
insert into tb_endereco
        (codigo_endereco, logradouro, numero, complemento, cep, codigo_cidade, codigo_uf) values
        (84, 'LARGO DOS BURITIS', 906, 'CASA 101', '99488-810', 1, 25);
insert into tb_endereco
        (codigo_endereco, logradouro, numero, complemento, cep, codigo_cidade, codigo_uf) values
        (85, 'AV. ANTÔNIO CARLOS', 4327, 'CASA 181', '92395-637', 1, 25);
insert into tb_endereco
        (codigo_endereco, logradouro, numero, complemento, cep, codigo_cidade, codigo_uf) values
        (86, 'AV. VITAL BRAZIL', 193, null, '14911-521', 1, 25);
insert into tb_endereco
        (codigo_endereco, logradouro, numero, complemento, cep, codigo_cidade, codigo_uf) values
        (87, 'AV. PEDRO LESSA', 1854, 'AP. 471', '77455-922', 1, 25);
insert into tb_endereco
        (codigo_endereco, logradouro, numero, complemento, cep, codigo_cidade, codigo_uf) values
        (88, 'LARGO CAPITÃO MACEDO', 4224, null, '15919-298', 1, 25);
insert into tb_endereco
        (codigo_endereco, logradouro, numero, complemento, cep, codigo_cidade, codigo_uf) values
        (89, 'PRAÇA PITANGUEIRAS', 762, 'BLOCO 51', '52997-692', 1, 25);
insert into tb_endereco
        (codigo_endereco, logradouro, numero, complemento, cep, codigo_cidade, codigo_uf) values
        (90, 'AV. ANTÔNIO CARLOS', 4674, 'APARTAMENTO 361', '52357-315', 1, 25);
insert into tb_endereco
        (codigo_endereco, logradouro, numero, complemento, cep, codigo_cidade, codigo_uf) values
        (91, 'RUA WALLY SALOMÃO', 53, null, '25834-736', 1, 25);
insert into tb_endereco
        (codigo_endereco, logradouro, numero, complemento, cep, codigo_cidade, codigo_uf) values
        (92, 'AV. ANCHIETA', 1830, 'BLOCO 401', '89907-528', 1, 25);
insert into tb_endereco
        (codigo_endereco, logradouro, numero, complemento, cep, codigo_cidade, codigo_uf) values
        (93, 'AV. DOS PÁSSAROS', 4787, null, '96307-811', 1, 25);
insert into tb_endereco
        (codigo_endereco, logradouro, numero, complemento, cep, codigo_cidade, codigo_uf) values
        (94, 'VIA DAS ROSAS', 3268, null, '49928-716', 1, 25);
insert into tb_endereco
        (codigo_endereco, logradouro, numero, complemento, cep, codigo_cidade, codigo_uf) values
        (95, 'RUA MACHADO DE ASSIS', 738, 'CASA 51', '65334-430', 1, 25);
insert into tb_endereco
        (codigo_endereco, logradouro, numero, complemento, cep, codigo_cidade, codigo_uf) values
        (96, 'VIA 3 DE MARÇO', 2462, null, '93873-635', 1, 25);
insert into tb_endereco
        (codigo_endereco, logradouro, numero, complemento, cep, codigo_cidade, codigo_uf) values
        (97, 'RUA ANTÔNIO CARLOS', 3997, 'APTO. 141', '13648-556', 1, 25);
insert into tb_endereco
        (codigo_endereco, logradouro, numero, complemento, cep, codigo_cidade, codigo_uf) values
        (98, 'RUA PIAUÍ', 4464, 'CASA 51', '88903-449', 1, 25);
insert into tb_endereco
        (codigo_endereco, logradouro, numero, complemento, cep, codigo_cidade, codigo_uf) values
        (99, 'PRAÇA ANTÔNIO CARLOS', 1560, 'APTO. 241', '22031-63', 1, 25);
insert into tb_endereco
        (codigo_endereco, logradouro, numero, complemento, cep, codigo_cidade, codigo_uf) values
        (100, 'RUA DAS ROSAS', 2843, 'BLOCO 311', '47102-111', 1, 25);


-- tb_filial
insert into tb_filial
	(codigo_filial, cnpj, nome_filial, codigo_endereco, flag_eh_24_horas, hora_abertura, hora_fechamento) values
	(1, '12.345.678/0001-12', 'SANTOS', 1, 0, '09:00', '20:00');
insert into tb_filial
	(codigo_filial, cnpj, nome_filial, codigo_endereco, flag_eh_24_horas, hora_abertura, hora_fechamento) values
	(2, '10.245.674/0001-12', 'SÃO PAULO - PEDRO LESSA', 60 , 0, '09:00', '20:00');
insert into tb_filial
	(codigo_filial, cnpj, nome_filial, codigo_endereco, flag_eh_24_horas, hora_abertura, hora_fechamento) values
	(3, '92.345.758/0001-12', 'SÃO PAULO - TIRADENTES', 59, 1, NULL, NULL);
insert into tb_filial
	(codigo_filial, cnpj, nome_filial, codigo_endereco, flag_eh_24_horas, hora_abertura, hora_fechamento) values
	(4, '92.745.958/0001-12', 'SANTO ANDRÉ', 6, 1, NULL, NULL);
insert into tb_filial
	(codigo_filial, cnpj, nome_filial, codigo_endereco, flag_eh_24_horas, hora_abertura, hora_fechamento) values
	(5, '56.345.758/0001-12', 'PERUÍBE', 36, 0, '08:00', '22:00');

-- tb telefone_filial
insert into tb_telefone_filial (codigo_filial, codigo_telefone) values (1, 97);
insert into tb_telefone_filial (codigo_filial, codigo_telefone) values (1, 37);
insert into tb_telefone_filial (codigo_filial, codigo_telefone) values (2, 47);
insert into tb_telefone_filial (codigo_filial, codigo_telefone) values (2, 27);
insert into tb_telefone_filial (codigo_filial, codigo_telefone) values (3, 2);
insert into tb_telefone_filial (codigo_filial, codigo_telefone) values (3, 5);
insert into tb_telefone_filial (codigo_filial, codigo_telefone) values (4, 28);
insert into tb_telefone_filial (codigo_filial, codigo_telefone) values (4, 38);
insert into tb_telefone_filial (codigo_filial, codigo_telefone) values (5, 48);
insert into tb_telefone_filial (codigo_filial, codigo_telefone) values (5, 68);

-- tb produtos
insert into tb_produto (codigo_produto, descricao_produto, codigo_categoria, marca, composicao) values (1, 'SABÃO LÍQUIDO OMO LAVAGEM PERFEITA 3 L', 1, 'OMO', 'LINEAR ALQUIL, BENZENO SULFONATO DE SÓDIO, ALQUIL ÉTER SULFATO DE SÓDIO, AJUSTADOR DE PH, ESPESSANTES, COADJUVANTES, TAMPONANTE, CORANTE, ENZIMAS, BRANQUEADOR ÓPTICO, FRAGRÂNCIA, AGENTE ANTI REDEPOSITANTE, CONSERVANTES E ÁGUA.');
insert into tb_produto (codigo_produto, descricao_produto, codigo_categoria, marca, composicao) values (2, 'ÁLCOOL LÍQUIDO 70% START 1 LITRO', 1, 'ASSEPTIGEL', null);
insert into tb_produto (codigo_produto, descricao_produto, codigo_categoria, marca, composicao) values (3, 'ÁGUA SANITÁRIA SUPER CANDIDA 2 LITROS', 1, 'SUPER CÂNDIDA', null);
insert into tb_produto (codigo_produto, descricao_produto, codigo_categoria, marca, composicao) values (4, 'LIMPADOR MULTI - USO VEJA ORIGINAL 500ML', 1, 'VEJA', null);
insert into tb_produto (codigo_produto, descricao_produto, codigo_categoria, marca, composicao) values (5, 'MOP SPRAY FIT NOVIÇA BETTANIN BT1712', 1, 'BETTANIN', 'POLIPROPILENO E REFIL MICROFIBRA');
insert into tb_produto (codigo_produto, descricao_produto, codigo_categoria, marca, composicao) values (6, 'KIT DESINFETANTE PINHO SOL LAVANDA 1L COM 8 UNIDADES', 1, 'PINHO SOL', null);
insert into tb_produto (codigo_produto, descricao_produto, codigo_categoria, marca, composicao) values (7, 'KIT 2 LUSTRA-MÓVEIS BRAVO BRILHO INTENSO LAVANDA REVITALIZA 500ML', 1, 'BRAVO', null);
insert into tb_produto (codigo_produto, descricao_produto, codigo_categoria, marca, composicao) values (8, 'LIMPA BANHEIRO GAROA EUCALIPTO & VETIVER 600 ML', 1, 'GAROA', 'MISTURA DE TERPENOS (DERIVADOS DE LARANJA E PINHO), ÁLCOOIS LAURÍLICO ETOXILADOS (DERIVADOS DE ÓLEOS DE COCO E PALMA), ALQUIL AMINA QUATERNÁRIA ETOXILADA (DERIVADO DE ÓLEO DE PALMA), ÁLCOOL ETÍLICO NEUTRO E ÁGUA');
insert into tb_produto (codigo_produto, descricao_produto, codigo_categoria, marca, composicao) values (9, 'KIT 4 AMACIANTES COMFORT CONCENTRADO ROUPAS ESPORTIVAS INTENSE 500ML', 1, 'COMFORT', null);
insert into tb_produto (codigo_produto, descricao_produto, codigo_categoria, marca, composicao) values (10, 'LIMPADOR DESENGORDURANTE MR MÚSCULO PARA COZINHA LIMÃO 500ML BORRIFADOR', 1, 'MR MUSCULO', null);
insert into tb_produto (codigo_produto, descricao_produto, codigo_categoria, marca, composicao) values (11, 'LIMPADOR SANOL EUCALIPTO 120ML', 1, 'SANOL', null);
insert into tb_produto (codigo_produto, descricao_produto, codigo_categoria, marca, composicao) values (12, 'DESINFETANTE LYSOFORM USO GERAL LEMBRANÇA DE INFÂNCIA AEROSSOL 360ML', 1, 'LYSOL', null);
insert into tb_produto (codigo_produto, descricao_produto, codigo_categoria, marca, composicao) values (13, 'PANO PARA VIDROS ESFREBOM ALTA PERFORMANCE BETTANIN 30CM X 40CM', 1, 'BETANNIN', 'MICROFIBRA');
insert into tb_produto (codigo_produto, descricao_produto, codigo_categoria, marca, composicao) values (14, 'DESUMIDIFICADOR NATURAL SECAR 80G', 1, 'SECAR', null);
insert into tb_produto (codigo_produto, descricao_produto, codigo_categoria, marca, composicao) values (15, 'ROLO DE SACO PARA LIXO AZUL 15 LITROS', 1, 'BETANNIN', null);
insert into tb_produto (codigo_produto, descricao_produto, codigo_categoria, marca, composicao) values (16, 'DETERGENTE SANITÁRIO PASTILHA ADESIVA CARROSSEL DE FRAMBOESA PATO 3 UNIDADES', 1, 'PATO', null);
insert into tb_produto (codigo_produto, descricao_produto, codigo_categoria, marca, composicao) values (17, 'ÁLCOOL EM GEL HIGIENIZANTE BLUE 60 ML', 1, 'BLUE', ' ALCOHOL, AQUA, GLYCERIN, ACRYLATES/C10-30 ALKYL ACRYLATE CROSSPOLYMER, BUTYROSPERMUM PARKII BUTTER, ACACIA SENEGAL GUM, TOCOPHERYL ACETATE, CI 77007, CI77891, DIAZOLIDINYL UREA, ISOPROPANOLAMINE, DENATONIUM BENZOATE, PARFUM, COUMARIN, ALPHA-ISOMETHYL IONONE, BENZYL BENZOATE, BUTYLPHENYL METHYLPROPIONAL, LINALOOL');
insert into tb_produto (codigo_produto, descricao_produto, codigo_categoria, marca, composicao) values (18, 'SABONETE LÍQUIDO PROTEX BALANCE 250ML', 1, 'PROTEX', null);
insert into tb_produto (codigo_produto, descricao_produto, codigo_categoria, marca, composicao) values (19, 'ODORIZADOR DE AMBIENTE SECAR BAMBOO DO TIBETE 360ML', 1, 'SOIN', null);
insert into tb_produto (codigo_produto, descricao_produto, codigo_categoria, marca, composicao) values (20, 'SPRAY ODORIZANTE COALA CAPIM LIMÃO 120ML', 1, 'COALA', null);
insert into tb_produto (codigo_produto, descricao_produto, codigo_categoria, marca, composicao) values (21, 'OVOS VERMELHO GRANDES CAIPIRA ITO COUNTRY BANDEJA COM 10 UNIDADES', 2, 'ITO', null);
insert into tb_produto (codigo_produto, descricao_produto, codigo_categoria, marca, composicao) values (22, 'CHOCOLATE BIS AO LEITE 126G', 2, 'LACTA', null);
insert into tb_produto (codigo_produto, descricao_produto, codigo_categoria, marca, composicao) values (23, 'QUEIJO MUSSARELA PRESIDENT FATIADO 150G', 2, 'PRESIDENT', null);
insert into tb_produto (codigo_produto, descricao_produto, codigo_categoria, marca, composicao) values (24, 'NUGGETS DE FRANGO CROCANTE SADIA 300G', 2, 'SADIA', 'PEITO DE FRANGO, FARINHA DE ROSCA, GORDURA VEGETAL HIDROGENADA, ÁGUA, CARNE DE FRANGO, FARINHA DE TRIGO ENRIQUECIDA COM FERRO E ÁCIDO FÓLICO, SAL, PROTEÍNA ISOLADA DE SOJA, AMIDO, LEITE EM PÓ, PROTEÍNA VEGETAL HIDROLISADA, VINAGRE, OVO EM PÓ, ESTABILIZANTE POLIFOSFATO DE SÓDIO (INS 452I), ANTIOXIDANTE ERITORBATO DE SÓDIO (INS 316), REALÇADOR DE SABOR GLUTAMATO MONOSSÓDICO (INS 621), ESPESSANTE GOMA GUAR (INS 412) E AROMA NATURAL DE PIMENTA BRANCA.');
insert into tb_produto (codigo_produto, descricao_produto, codigo_categoria, marca, composicao) values (25, 'FILÉ MIGNON EM CUBOS ORIGEM CONTROLADA 240G', 2, 'NATURAL MEAT', null);
insert into tb_produto (codigo_produto, descricao_produto, codigo_categoria, marca, composicao) values (26, 'BANANA NANICA 600G', 2, null, null);
insert into tb_produto (codigo_produto, descricao_produto, codigo_categoria, marca, composicao) values (27, 'MANGA PALMER A GRANEL 500G', 2, null, null);
insert into tb_produto (codigo_produto, descricao_produto, codigo_categoria, marca, composicao) values (28, 'LIMÃO TAHITI PACOTE 1KG', 2, null, null);
insert into tb_produto (codigo_produto, descricao_produto, codigo_categoria, marca, composicao) values (29, 'MAÇÃ RED IMPORTADA BANDEJA 700G', 2, null, null);
insert into tb_produto (codigo_produto, descricao_produto, codigo_categoria, marca, composicao) values (30, 'ABACAXI PÉROLA UNIDADE', 2, null, null);
insert into tb_produto (codigo_produto, descricao_produto, codigo_categoria, marca, composicao) values (31, 'MAMÃO FORMOSA BANDEJA 1 UNIDADE', 2, null, null);
insert into tb_produto (codigo_produto, descricao_produto, codigo_categoria, marca, composicao) values (32, 'MAÇÃ TURMA DA MÔNICA PACOTE 1KG', 2, 'FISCHER', null);
insert into tb_produto (codigo_produto, descricao_produto, codigo_categoria, marca, composicao) values (33, 'GOIABA VERMELHA A GRANEL 1KG', 2, null, null);
insert into tb_produto (codigo_produto, descricao_produto, codigo_categoria, marca, composicao) values (34, 'COCO VERDE UNIDADE', 2, null, null);
insert into tb_produto (codigo_produto, descricao_produto, codigo_categoria, marca, composicao) values (35, 'LARANJA IMPORTADA 1KG', 2, null, null);
insert into tb_produto (codigo_produto, descricao_produto, codigo_categoria, marca, composicao) values (36, 'BISNAGUINHA ORIGINAL PANCO PACOTE 300G', 2, 'PANCO', 'FARINHA DE TRIGO ENRIQUECIDA COM FERRO E ÁCIDO FÓLICO, AÇÚCAR INVERTIDO, AÇÚCAR, GORDURA VEGETAL, OVO, GLICOSE DE MILHO, SAL REFINADO, GLÚTEN, LEITE INTEGRAL, ESTABILIZANTES LECITINA DE SOJA E ESTEAROIL 2-LACTIL LACTATO DE CÁLCIO, CONSERVADOR PROPIONATO DE CÁLACIO E ACIDULANTE ÁCIDO ASCÓRBICO.');
insert into tb_produto (codigo_produto, descricao_produto, codigo_categoria, marca, composicao) values (37, 'BETERRABA A GRANEL 300G', 2, null, null);
insert into tb_produto (codigo_produto, descricao_produto, codigo_categoria, marca, composicao) values (38, 'BATATA COMUM GRANEL 1KG', 2, null, null);
insert into tb_produto (codigo_produto, descricao_produto, codigo_categoria, marca, composicao) values (39, 'ALFACE AMERICANA BOLA 250G', 2, null, null);
insert into tb_produto (codigo_produto, descricao_produto, codigo_categoria, marca, composicao) values (40, 'ALHO 100G', 2, null, null);
insert into tb_produto (codigo_produto, descricao_produto, codigo_categoria, marca, composicao) values (41, 'CAFÉ PILÃO TORRADO E MOÍDO TRADICIONAL ALMOFADA 500G', 3, 'PILÃO', 'CAFÉ TORRADO E MOÍDO.');
insert into tb_produto (codigo_produto, descricao_produto, codigo_categoria, marca, composicao) values (42, 'ARROZ AGULHINHA TIPO 1 CAMIL PACOTE 5KG', 3, 'CAMIL', null);
insert into tb_produto (codigo_produto, descricao_produto, codigo_categoria, marca, composicao) values (43, 'AZEITE DE OLIVA EXTRA VIRGEM CLÁSSICO PORTUGUÊS GALLO VIDRO 500ML', 3, 'GALO', null);
insert into tb_produto (codigo_produto, descricao_produto, codigo_categoria, marca, composicao) values (44, 'ÓLEO DE SOJA QUALITÁ GARRAFA 900ML', 3, 'QUALITÁ', null);
insert into tb_produto (codigo_produto, descricao_produto, codigo_categoria, marca, composicao) values (45, 'AÇÚCAR REFINADO UNIÃO PACOTE 1KG', 3, 'UNIÃO', null);
insert into tb_produto (codigo_produto, descricao_produto, codigo_categoria, marca, composicao) values (46, 'FEIJÃO CARIOCA TIPO 1 QUALITÁ PACOTE 1KG', 3, 'QUALITÁ', 'GRUPO FEIJÃO COMUM CLASSE CORES TIPO 1');
insert into tb_produto (codigo_produto, descricao_produto, codigo_categoria, marca, composicao) values (47, 'MACARRÃO ITALIANO ESPAGHETTI Nº 5 BARILLA 500G', 3, 'BARILLA', 'SÊMOLA DE TRIGO DURUM / DURO, ÁGUA.');
insert into tb_produto (codigo_produto, descricao_produto, codigo_categoria, marca, composicao) values (48, 'FUBÁ DE MILHO YOKI PACOTE 500G', 3, 'YOKI', 'FARINHA DE MILHO.');
insert into tb_produto (codigo_produto, descricao_produto, codigo_categoria, marca, composicao) values (49, 'FARINHA DE TRIGO TIPO 1 QUALITÁ PACOTE 1KG', 3, 'QUALITÁ', null);
insert into tb_produto (codigo_produto, descricao_produto, codigo_categoria, marca, composicao) values (50, 'MASSA DE TAPIOCA YOKI PACOTE 500G', 3, 'YOKI', null);


-- tb clientes
insert into tb_cliente (codigo_cliente, nome_cliente, email) values
        (1, 'ANA MACEDO XAVIER', 'ANAIER41@GMAIL.COM');
insert into tb_cliente (codigo_cliente, nome_cliente, email) values
        (2, 'KATIA SILVA BASTOS', 'KATTOS3@GMAIL.COM');
insert into tb_cliente (codigo_cliente, nome_cliente, email) values
        (3, 'ROBSON FERREIRA MATOS', 'ROBTOS91@GMAIL.COM');
insert into tb_cliente (codigo_cliente, nome_cliente, email) values
        (4, 'PEDRO LEMOS DAS NEVES', 'PEDVES28@GMAIL.COM');
insert into tb_cliente (codigo_cliente, nome_cliente, email) values
        (5, 'THABATA ALVES MATOS', 'THATOS26@GMAIL.COM');
insert into tb_cliente (codigo_cliente, nome_cliente, email) values
        (6, 'CÍNTIA FERNANDES FIGUEIREDO', 'CÍNEDO64@YAHOO.COM');
insert into tb_cliente (codigo_cliente, nome_cliente, email) values
        (7, 'CARLA TAVARES MORAIS', 'CARAIS27@GMAIL.COM');
insert into tb_cliente (codigo_cliente, nome_cliente, email) values
        (8, 'GERSON SILVA MATOS', 'GERTOS69@GMAIL.COM');
insert into tb_cliente (codigo_cliente, nome_cliente, email) values
        (9, 'ADEMIR DIAS TAVARES', 'ADERES19@GMAIL.COM');
insert into tb_cliente (codigo_cliente, nome_cliente, email) values
        (10, 'CLARA COSTA FERREIRA', 'CLAIRA50@GMAIL.COM');
insert into tb_cliente (codigo_cliente, nome_cliente, email) values
        (11, 'FERNANDA MORAIS MACEDO', 'FEREDO78@YAHOO.COM');
insert into tb_cliente (codigo_cliente, nome_cliente, email) values
        (12, 'HENRIQUE MACEDO SEABRA', 'HENBRA73@HOTMAIL.COM');
insert into tb_cliente (codigo_cliente, nome_cliente, email) values
        (13, 'ANDRÉA FERNANDES SILVA', 'ANDLVA60@TERRA.COM.BR');
insert into tb_cliente (codigo_cliente, nome_cliente, email) values
        (14, 'MARIA COSTA MATOS', 'MARTOS62@GMAIL.COM');
insert into tb_cliente (codigo_cliente, nome_cliente, email) values
        (15, 'JULIANA ALVES NEVES', 'JULVES51@GMAIL.COM');
insert into tb_cliente (codigo_cliente, nome_cliente, email) values
        (16, 'ANDRÉA FERNANDES XAVIER', 'ANDIER3@GMAIL.COM');
insert into tb_cliente (codigo_cliente, nome_cliente, email) values
        (17, 'GUSTAVO MORAIS BASTOS', 'GUSTOS14@GMAIL.COM');
insert into tb_cliente (codigo_cliente, nome_cliente, email) values
        (18, 'ANA DIAS NEVES', 'ANAVES85@GMAIL.COM');
insert into tb_cliente (codigo_cliente, nome_cliente, email) values
        (19, 'ROBSON SERAFIM XAVIER', 'ROBIER30@GMAIL.COM');
insert into tb_cliente (codigo_cliente, nome_cliente, email) values
        (20, 'THABATA FERREIRA MACEDO', 'THAEDO56@HOTMAIL.COM');
insert into tb_cliente (codigo_cliente, nome_cliente, email) values
        (21, 'JOSÉ MORAIS LOPES', 'JOSPES0@GMAIL.COM');
insert into tb_cliente (codigo_cliente, nome_cliente, email) values
        (22, 'KATIA COSTA GOMES', 'KATMES97@GMAIL.COM');
insert into tb_cliente (codigo_cliente, nome_cliente, email) values
        (23, 'JULIANO MACEDO MATOS', 'JULTOS14@TERRA.COM.BR');
insert into tb_cliente (codigo_cliente, nome_cliente, email) values
        (24, 'CARLOS FERREIRA FERREIRA', 'CARIRA31@GMAIL.COM');
insert into tb_cliente (codigo_cliente, nome_cliente, email) values
        (25, 'JOSÉ CARDOSO FERREIRA', 'JOSIRA61@HOTMAIL.COM');
insert into tb_cliente (codigo_cliente, nome_cliente, email) values
        (26, 'JOSÉ XAVIER LEMOS', 'JOSMOS96@GMAIL.COM');
insert into tb_cliente (codigo_cliente, nome_cliente, email) values
        (27, 'ANA TAVARES DAS NEVES', 'ANAVES98@YAHOO.COM');
insert into tb_cliente (codigo_cliente, nome_cliente, email) values
        (28, 'GUSTAVO FERNANDES LOPES', 'GUSPES72@GMAIL.COM');
insert into tb_cliente (codigo_cliente, nome_cliente, email) values
        (29, 'AMANDA MATOS COELHO', 'AMALHO0@TERRA.COM.BR');
insert into tb_cliente (codigo_cliente, nome_cliente, email) values
        (30, 'CLARA LEMOS MACEDO', 'CLAEDO89@YAHOO.COM');
insert into tb_cliente (codigo_cliente, nome_cliente, email) values
        (31, 'KATIA FIGUEIREDO MACEDO', 'KATEDO79@TERRA.COM.BR');
insert into tb_cliente (codigo_cliente, nome_cliente, email) values
        (32, 'GERSON DIAS SERAFIM', 'GERFIM78@GMAIL.COM');
insert into tb_cliente (codigo_cliente, nome_cliente, email) values
        (33, 'HERICK LEMOS LOPES', 'HERPES90@HOTMAIL.COM');
insert into tb_cliente (codigo_cliente, nome_cliente, email) values
        (34, 'ANTÔNIA DAS NEVES DAS NEVES', 'ANTVES64@GMAIL.COM');
insert into tb_cliente (codigo_cliente, nome_cliente, email) values
        (35, 'JOSÉ MORAIS DIAS', 'JOSIAS72@TERRA.COM.BR');
insert into tb_cliente (codigo_cliente, nome_cliente, email) values
        (36, 'JULIANA COELHO TAVARES', 'JULRES36@HOTMAIL.COM');
insert into tb_cliente (codigo_cliente, nome_cliente, email) values
        (37, 'GUSTAVO BASTOS DE SOUZA', 'GUSUZA0@GMAIL.COM');
insert into tb_cliente (codigo_cliente, nome_cliente, email) values
        (38, 'FERNANDO MATOS BASTOS', 'FERTOS66@HOTMAIL.COM');
insert into tb_cliente (codigo_cliente, nome_cliente, email) values
        (39, 'ROBSON GOMES GOMES', 'ROBMES27@GMAIL.COM');
insert into tb_cliente (codigo_cliente, nome_cliente, email) values
        (40, 'PEDRO CARDOSO SEABRA', 'PEDBRA57@GMAIL.COM');
insert into tb_cliente (codigo_cliente, nome_cliente, email) values
        (41, 'FABIANA TAVARES GOMES', 'FABMES89@GMAIL.COM');
insert into tb_cliente (codigo_cliente, nome_cliente, email) values
        (42, 'THABATA NEVES GOMES', 'THAMES72@YAHOO.COM');
insert into tb_cliente (codigo_cliente, nome_cliente, email) values
        (43, 'HENRIQUE SILVA LOPES', 'HENPES98@GMAIL.COM');
insert into tb_cliente (codigo_cliente, nome_cliente, email) values
        (44, 'AFONSO ALVES NEVES', 'AFOVES35@GMAIL.COM');
insert into tb_cliente (codigo_cliente, nome_cliente, email) values
        (45, 'JULIANA FERNANDES BASTOS', 'JULTOS60@GMAIL.COM');
insert into tb_cliente (codigo_cliente, nome_cliente, email) values
        (46, 'ANDRESSA SEABRA SEABRA', 'ANDBRA11@HOTMAIL.COM');
insert into tb_cliente (codigo_cliente, nome_cliente, email) values
        (47, 'THALES DE SOUZA TAVARES', 'THARES44@GMAIL.COM');
insert into tb_cliente (codigo_cliente, nome_cliente, email) values
        (48, 'THABATA DIAS SEABRA', 'THABRA32@GMAIL.COM');
insert into tb_cliente (codigo_cliente, nome_cliente, email) values
        (49, 'THALES ALVES SEABRA', 'THABRA24@YAHOO.COM');
insert into tb_cliente (codigo_cliente, nome_cliente, email) values
        (50, 'CLARISSA SEABRA NEVES', 'CLAVES59@GMAIL.COM');
insert into tb_cliente (codigo_cliente, nome_cliente, email) values
        (51, 'ALIMENTOS BENS S/A', 'CONTATOALI64@YAHOO.COM');
insert into tb_cliente (codigo_cliente, nome_cliente, email) values
        (52, 'VALORES VALORES S/A', 'CONTATOVAL98@GMAIL.COM');
insert into tb_cliente (codigo_cliente, nome_cliente, email) values
        (53, 'PÃES VALORES LTDA', 'CONTATOPÃE42@GMAIL.COM');
insert into tb_cliente (codigo_cliente, nome_cliente, email) values
        (54, 'ALIMENTOS ALIMENTOS ME', 'CONTATOALI54@GMAIL.COM');
insert into tb_cliente (codigo_cliente, nome_cliente, email) values
        (55, 'PEIXES PEIXES LTDA', 'CONTATOPEI99@GMAIL.COM');
insert into tb_cliente (codigo_cliente, nome_cliente, email) values
        (56, 'PÃES RODO MEI', 'CONTATOPÃE34@GMAIL.COM');
insert into tb_cliente (codigo_cliente, nome_cliente, email) values
        (57, 'ALIMENTOS BENS MEI', 'CONTATOALI34@TERRA.COM.BR');
insert into tb_cliente (codigo_cliente, nome_cliente, email) values
        (58, 'BENS PÃES S/A', 'CONTATOBEN37@TERRA.COM.BR');
insert into tb_cliente (codigo_cliente, nome_cliente, email) values
        (59, 'PEIXES ALIMENTOS ME', 'CONTATOPEI25@GMAIL.COM');
insert into tb_cliente (codigo_cliente, nome_cliente, email) values
        (60, 'RODO ALIMENTOS S/A', 'CONTATOROD17@HOTMAIL.COM');

-- tb cliente pj
insert into tb_cliente_pessoa_juridica (codigo_cliente, cnpj, inscricao_estadual) values
(51, '12.365.638/0001-52', '098375829');
insert into tb_cliente_pessoa_juridica (codigo_cliente, cnpj, inscricao_estadual) values
(52, '78.365.668/0001-52', '098575429');
insert into tb_cliente_pessoa_juridica (codigo_cliente, cnpj, inscricao_estadual) values
(53, '12.368.938/0001-52', '198373829');
insert into tb_cliente_pessoa_juridica (codigo_cliente, cnpj, inscricao_estadual) values
(54, '42.375.638/0001-52', '298325829');
insert into tb_cliente_pessoa_juridica (codigo_cliente, cnpj, inscricao_estadual) values
(55, '72.367.638/0001-57', '098475729');
insert into tb_cliente_pessoa_juridica (codigo_cliente, cnpj, inscricao_estadual) values
(56, '45.465.638/0001-52', '1238375829');
insert into tb_cliente_pessoa_juridica (codigo_cliente, cnpj, inscricao_estadual) values
(57, '12.775.838/0001-52', '088378829');
insert into tb_cliente_pessoa_juridica (codigo_cliente, cnpj, inscricao_estadual) values
(58, '32.335.638/0001-52', '394375829');
insert into tb_cliente_pessoa_juridica (codigo_cliente, cnpj, inscricao_estadual) values
(59, '12.365.638/0003-53', '098374859');
insert into tb_cliente_pessoa_juridica (codigo_cliente, cnpj, inscricao_estadual) values
(60, '72.367.637/0007-52', '098373829');

-- tb_cliente pf
insert into tb_cliente_pessoa_fisica (codigo_cliente, data_nascimento, codigo_genero) values (1, '2007-6-14', null);
insert into tb_cliente_pessoa_fisica (codigo_cliente, data_nascimento, codigo_genero) values (2, '1955-7-4', 4);
insert into tb_cliente_pessoa_fisica (codigo_cliente, data_nascimento, codigo_genero) values (3, '1974-5-26', null);
insert into tb_cliente_pessoa_fisica (codigo_cliente, data_nascimento, codigo_genero) values (4, '1958-7-6', null);
insert into tb_cliente_pessoa_fisica (codigo_cliente, data_nascimento, codigo_genero) values (5, '1974-1-3', 2);
insert into tb_cliente_pessoa_fisica (codigo_cliente, data_nascimento, codigo_genero) values (6, '1959-8-26', 1);
insert into tb_cliente_pessoa_fisica (codigo_cliente, data_nascimento, codigo_genero) values (7, '1965-4-8', 1);
insert into tb_cliente_pessoa_fisica (codigo_cliente, data_nascimento, codigo_genero) values (8, '1995-7-12', 2);
insert into tb_cliente_pessoa_fisica (codigo_cliente, data_nascimento, codigo_genero) values (9, '1974-11-26', null);
insert into tb_cliente_pessoa_fisica (codigo_cliente, data_nascimento, codigo_genero) values (10, '1977-9-27', null);
insert into tb_cliente_pessoa_fisica (codigo_cliente, data_nascimento, codigo_genero) values (11, '1992-1-7', null);
insert into tb_cliente_pessoa_fisica (codigo_cliente, data_nascimento, codigo_genero) values (12, '1961-6-21', 3);
insert into tb_cliente_pessoa_fisica (codigo_cliente, data_nascimento, codigo_genero) values (13, '1957-11-3', null);
insert into tb_cliente_pessoa_fisica (codigo_cliente, data_nascimento, codigo_genero) values (14, '1986-3-8', 4);
insert into tb_cliente_pessoa_fisica (codigo_cliente, data_nascimento, codigo_genero) values (15, '1994-2-10', null);
insert into tb_cliente_pessoa_fisica (codigo_cliente, data_nascimento, codigo_genero) values (16, '1985-6-24', 1);
insert into tb_cliente_pessoa_fisica (codigo_cliente, data_nascimento, codigo_genero) values (17, '1960-4-6', null);
insert into tb_cliente_pessoa_fisica (codigo_cliente, data_nascimento, codigo_genero) values (18, '1997-4-20', 3);
insert into tb_cliente_pessoa_fisica (codigo_cliente, data_nascimento, codigo_genero) values (19, '2003-3-9', 3);
insert into tb_cliente_pessoa_fisica (codigo_cliente, data_nascimento, codigo_genero) values (20, '1992-10-15', null);
insert into tb_cliente_pessoa_fisica (codigo_cliente, data_nascimento, codigo_genero) values (21, '1974-8-12', null);
insert into tb_cliente_pessoa_fisica (codigo_cliente, data_nascimento, codigo_genero) values (22, '1975-11-17', null);
insert into tb_cliente_pessoa_fisica (codigo_cliente, data_nascimento, codigo_genero) values (23, '1992-1-23', null);
insert into tb_cliente_pessoa_fisica (codigo_cliente, data_nascimento, codigo_genero) values (24, '1984-3-13', 1);
insert into tb_cliente_pessoa_fisica (codigo_cliente, data_nascimento, codigo_genero) values (25, '1978-4-9', null);
insert into tb_cliente_pessoa_fisica (codigo_cliente, data_nascimento, codigo_genero) values (26, '1960-10-7', 1);
insert into tb_cliente_pessoa_fisica (codigo_cliente, data_nascimento, codigo_genero) values (27, '1962-11-11', 2);
insert into tb_cliente_pessoa_fisica (codigo_cliente, data_nascimento, codigo_genero) values (28, '1970-6-18', null);
insert into tb_cliente_pessoa_fisica (codigo_cliente, data_nascimento, codigo_genero) values (29, '1955-1-1', 2);
insert into tb_cliente_pessoa_fisica (codigo_cliente, data_nascimento, codigo_genero) values (30, '1960-2-23', 2);
insert into tb_cliente_pessoa_fisica (codigo_cliente, data_nascimento, codigo_genero) values (31, '1966-11-5', 1);
insert into tb_cliente_pessoa_fisica (codigo_cliente, data_nascimento, codigo_genero) values (32, '1980-6-4', 2);
insert into tb_cliente_pessoa_fisica (codigo_cliente, data_nascimento, codigo_genero) values (33, '1973-8-20', null);
insert into tb_cliente_pessoa_fisica (codigo_cliente, data_nascimento, codigo_genero) values (34, '2002-5-11', 4);
insert into tb_cliente_pessoa_fisica (codigo_cliente, data_nascimento, codigo_genero) values (35, '1995-1-13', null);
insert into tb_cliente_pessoa_fisica (codigo_cliente, data_nascimento, codigo_genero) values (36, '1973-1-18', 2);
insert into tb_cliente_pessoa_fisica (codigo_cliente, data_nascimento, codigo_genero) values (37, '1995-3-6', 2);
insert into tb_cliente_pessoa_fisica (codigo_cliente, data_nascimento, codigo_genero) values (38, '1974-1-22', 2);
insert into tb_cliente_pessoa_fisica (codigo_cliente, data_nascimento, codigo_genero) values (39, '1964-6-23', null);
insert into tb_cliente_pessoa_fisica (codigo_cliente, data_nascimento, codigo_genero) values (40, '1962-9-27', null);
insert into tb_cliente_pessoa_fisica (codigo_cliente, data_nascimento, codigo_genero) values (41, '1999-6-13', 3);
insert into tb_cliente_pessoa_fisica (codigo_cliente, data_nascimento, codigo_genero) values (42, '1990-9-12', null);
insert into tb_cliente_pessoa_fisica (codigo_cliente, data_nascimento, codigo_genero) values (43, '1967-11-6', null);
insert into tb_cliente_pessoa_fisica (codigo_cliente, data_nascimento, codigo_genero) values (44, '1973-3-22', 2);
insert into tb_cliente_pessoa_fisica (codigo_cliente, data_nascimento, codigo_genero) values (45, '1958-8-21', 1);
insert into tb_cliente_pessoa_fisica (codigo_cliente, data_nascimento, codigo_genero) values (46, '2000-6-10', 3);
insert into tb_cliente_pessoa_fisica (codigo_cliente, data_nascimento, codigo_genero) values (47, '2002-1-2', 2);
insert into tb_cliente_pessoa_fisica (codigo_cliente, data_nascimento, codigo_genero) values (48, '1955-3-2', null);
insert into tb_cliente_pessoa_fisica (codigo_cliente, data_nascimento, codigo_genero) values (49, '2004-10-3', 2);
insert into tb_cliente_pessoa_fisica (codigo_cliente, data_nascimento, codigo_genero) values (50, '2002-4-4', null);

-- tb_documento pessoa fisica
insert into tb_documento_pessoa_fisica_brasileira (codigo_cliente, cpf) values (1, '845.400.694-16');
insert into tb_documento_pessoa_fisica_brasileira (codigo_cliente, cpf) values (2, '334.268.440-75');
insert into tb_documento_pessoa_fisica_brasileira (codigo_cliente, cpf) values (3, '985.228.124-55');
insert into tb_documento_pessoa_fisica_brasileira (codigo_cliente, cpf) values (4, '673.109.886-38');
insert into tb_documento_pessoa_fisica_brasileira (codigo_cliente, cpf) values (5, '168.679.942-28');
insert into tb_documento_pessoa_fisica_brasileira (codigo_cliente, cpf) values (6, '742.715.360-48');
insert into tb_documento_pessoa_fisica_brasileira (codigo_cliente, cpf) values (7, '447.462.288-97');
insert into tb_documento_pessoa_fisica_brasileira (codigo_cliente, cpf) values (8, '308.225.293-71');
insert into tb_documento_pessoa_fisica_brasileira (codigo_cliente, cpf) values (9, '873.652.612-11');
insert into tb_documento_pessoa_fisica_brasileira (codigo_cliente, cpf) values (10, '425.261.486-63');
insert into tb_documento_pessoa_fisica_brasileira (codigo_cliente, cpf) values (11, '201.383.101-61');
insert into tb_documento_pessoa_fisica_brasileira (codigo_cliente, cpf) values (12, '924.996.350-12');
insert into tb_documento_pessoa_fisica_brasileira (codigo_cliente, cpf) values (13, '208.586.255-46');
insert into tb_documento_pessoa_fisica_brasileira (codigo_cliente, cpf) values (14, '369.954.624-47');
insert into tb_documento_pessoa_fisica_brasileira (codigo_cliente, cpf) values (15, '988.323.291-69');
insert into tb_documento_pessoa_fisica_brasileira (codigo_cliente, cpf) values (16, '545.981.103-30');
insert into tb_documento_pessoa_fisica_brasileira (codigo_cliente, cpf) values (17, '837.509.212-85');
insert into tb_documento_pessoa_fisica_brasileira (codigo_cliente, cpf) values (18, '796.634.346-51');
insert into tb_documento_pessoa_fisica_brasileira (codigo_cliente, cpf) values (19, '856.789.625-64');
insert into tb_documento_pessoa_fisica_brasileira (codigo_cliente, cpf) values (20, '884.569.261-35');
insert into tb_documento_pessoa_fisica_brasileira (codigo_cliente, cpf) values (21, '826.337.927-55');
insert into tb_documento_pessoa_fisica_brasileira (codigo_cliente, cpf) values (22, '939.619.189-38');
insert into tb_documento_pessoa_fisica_brasileira (codigo_cliente, cpf) values (23, '364.960.668-15');
insert into tb_documento_pessoa_fisica_brasileira (codigo_cliente, cpf) values (24, '154.472.467-11');
insert into tb_documento_pessoa_fisica_brasileira (codigo_cliente, cpf) values (25, '696.886.354-95');
insert into tb_documento_pessoa_fisica_brasileira (codigo_cliente, cpf) values (26, '707.113.209-82');
insert into tb_documento_pessoa_fisica_brasileira (codigo_cliente, cpf) values (27, '472.706.382-46');
insert into tb_documento_pessoa_fisica_brasileira (codigo_cliente, cpf) values (28, '537.161.196-53');
insert into tb_documento_pessoa_fisica_brasileira (codigo_cliente, cpf) values (29, '390.523.136-11');
insert into tb_documento_pessoa_fisica_brasileira (codigo_cliente, cpf) values (30, '213.621.565-64');
insert into tb_documento_pessoa_fisica_brasileira (codigo_cliente, cpf) values (31, '519.104.784-45');
insert into tb_documento_pessoa_fisica_brasileira (codigo_cliente, cpf) values (32, '703.581.719-36');
insert into tb_documento_pessoa_fisica_brasileira (codigo_cliente, cpf) values (33, '586.996.393-42');
insert into tb_documento_pessoa_fisica_brasileira (codigo_cliente, cpf) values (34, '367.513.305-71');
insert into tb_documento_pessoa_fisica_brasileira (codigo_cliente, cpf) values (35, '272.771.579-55');
insert into tb_documento_pessoa_fisica_brasileira (codigo_cliente, cpf) values (36, '221.247.104-13');
insert into tb_documento_pessoa_fisica_brasileira (codigo_cliente, cpf) values (37, '282.924.476-50');
insert into tb_documento_pessoa_fisica_brasileira (codigo_cliente, cpf) values (38, '100.798.776-27');
insert into tb_documento_pessoa_fisica_brasileira (codigo_cliente, cpf) values (39, '476.576.810-33');
insert into tb_documento_pessoa_fisica_brasileira (codigo_cliente, cpf) values (40, '931.159.647-75');


-- tb gringo
insert into tb_documento_pessoa_fisica_estrangeira (codigo_cliente, codigo_tipo_documento, numero_documento, codigo_pais_emissor) values (41, 2, 103-164, 2);
insert into tb_documento_pessoa_fisica_estrangeira (codigo_cliente, codigo_tipo_documento, numero_documento, codigo_pais_emissor) values (42, 2, 527-136, 5);
insert into tb_documento_pessoa_fisica_estrangeira (codigo_cliente, codigo_tipo_documento, numero_documento, codigo_pais_emissor) values (43, 2, 372-578, 10);
insert into tb_documento_pessoa_fisica_estrangeira (codigo_cliente, codigo_tipo_documento, numero_documento, codigo_pais_emissor) values (44, 5, 315-196, 1);
insert into tb_documento_pessoa_fisica_estrangeira (codigo_cliente, codigo_tipo_documento, numero_documento, codigo_pais_emissor) values (45, 4, 266-391, 9);
insert into tb_documento_pessoa_fisica_estrangeira (codigo_cliente, codigo_tipo_documento, numero_documento, codigo_pais_emissor) values (46, 4, 801-794, 9);
insert into tb_documento_pessoa_fisica_estrangeira (codigo_cliente, codigo_tipo_documento, numero_documento, codigo_pais_emissor) values (47, 4, 437-896, 9);
insert into tb_documento_pessoa_fisica_estrangeira (codigo_cliente, codigo_tipo_documento, numero_documento, codigo_pais_emissor) values (48, 4, 725-645, 2);
insert into tb_documento_pessoa_fisica_estrangeira (codigo_cliente, codigo_tipo_documento, numero_documento, codigo_pais_emissor) values (49, 1, 770-352, 12);
insert into tb_documento_pessoa_fisica_estrangeira (codigo_cliente, codigo_tipo_documento, numero_documento, codigo_pais_emissor) values (50, 1, 236-531, 2);


-- tb valor_venda
insert into tb_preco_venda (codigo_produto, codigo_filial, valor_preco) values (1, 1, 36.85);
insert into tb_preco_venda (codigo_produto, codigo_filial, valor_preco) values (1, 2, 37.61);
insert into tb_preco_venda (codigo_produto, codigo_filial, valor_preco) values (1, 3, 36.09);
insert into tb_preco_venda (codigo_produto, codigo_filial, valor_preco) values (1, 4, 34.95);
insert into tb_preco_venda (codigo_produto, codigo_filial, valor_preco) values (1, 5, 34.57);
insert into tb_preco_venda (codigo_produto, codigo_filial, valor_preco) values (2, 1, 11.29);
insert into tb_preco_venda (codigo_produto, codigo_filial, valor_preco) values (2, 2, 10.84);
insert into tb_preco_venda (codigo_produto, codigo_filial, valor_preco) values (2, 3, 10.61);
insert into tb_preco_venda (codigo_produto, codigo_filial, valor_preco) values (2, 4, 10.73);
insert into tb_preco_venda (codigo_produto, codigo_filial, valor_preco) values (2, 5, 10.50);
insert into tb_preco_venda (codigo_produto, codigo_filial, valor_preco) values (3, 1, 6.23);
insert into tb_preco_venda (codigo_produto, codigo_filial, valor_preco) values (3, 2, 6.29);
insert into tb_preco_venda (codigo_produto, codigo_filial, valor_preco) values (3, 3, 6.23);
insert into tb_preco_venda (codigo_produto, codigo_filial, valor_preco) values (3, 4, 6.10);
insert into tb_preco_venda (codigo_produto, codigo_filial, valor_preco) values (3, 5, 6.16);
insert into tb_preco_venda (codigo_produto, codigo_filial, valor_preco) values (4, 1, 5.15);
insert into tb_preco_venda (codigo_produto, codigo_filial, valor_preco) values (4, 2, 5.21);
insert into tb_preco_venda (codigo_produto, codigo_filial, valor_preco) values (4, 3, 5.49);
insert into tb_preco_venda (codigo_produto, codigo_filial, valor_preco) values (4, 4, 5.15);
insert into tb_preco_venda (codigo_produto, codigo_filial, valor_preco) values (4, 5, 5.60);
insert into tb_preco_venda (codigo_produto, codigo_filial, valor_preco) values (5, 1, 115.35);
insert into tb_preco_venda (codigo_produto, codigo_filial, valor_preco) values (5, 2, 111.89);
insert into tb_preco_venda (codigo_produto, codigo_filial, valor_preco) values (5, 3, 109.58);
insert into tb_preco_venda (codigo_produto, codigo_filial, valor_preco) values (5, 4, 107.28);
insert into tb_preco_venda (codigo_produto, codigo_filial, valor_preco) values (5, 5, 104.97);
insert into tb_preco_venda (codigo_produto, codigo_filial, valor_preco) values (6, 1, 86.39);
insert into tb_preco_venda (codigo_produto, codigo_filial, valor_preco) values (6, 2, 86.39);
insert into tb_preco_venda (codigo_produto, codigo_filial, valor_preco) values (6, 3, 86.39);
insert into tb_preco_venda (codigo_produto, codigo_filial, valor_preco) values (6, 4, 86.39);
insert into tb_preco_venda (codigo_produto, codigo_filial, valor_preco) values (6, 5, 84.55);
insert into tb_preco_venda (codigo_produto, codigo_filial, valor_preco) values (7, 1, 30.85);
insert into tb_preco_venda (codigo_produto, codigo_filial, valor_preco) values (7, 2, 32.54);
insert into tb_preco_venda (codigo_produto, codigo_filial, valor_preco) values (7, 3, 33.56);
insert into tb_preco_venda (codigo_produto, codigo_filial, valor_preco) values (7, 4, 32.54);
insert into tb_preco_venda (codigo_produto, codigo_filial, valor_preco) values (7, 5, 33.56);
insert into tb_preco_venda (codigo_produto, codigo_filial, valor_preco) values (8, 1, 21.03);
insert into tb_preco_venda (codigo_produto, codigo_filial, valor_preco) values (8, 2, 22.61);
insert into tb_preco_venda (codigo_produto, codigo_filial, valor_preco) values (8, 3, 21.71);
insert into tb_preco_venda (codigo_produto, codigo_filial, valor_preco) values (8, 4, 21.25);
insert into tb_preco_venda (codigo_produto, codigo_filial, valor_preco) values (8, 5, 20.58);
insert into tb_preco_venda (codigo_produto, codigo_filial, valor_preco) values (9, 1, 39.96);
insert into tb_preco_venda (codigo_produto, codigo_filial, valor_preco) values (9, 2, 36.73);
insert into tb_preco_venda (codigo_produto, codigo_filial, valor_preco) values (9, 3, 39.15);
insert into tb_preco_venda (codigo_produto, codigo_filial, valor_preco) values (9, 4, 37.53);
insert into tb_preco_venda (codigo_produto, codigo_filial, valor_preco) values (9, 5, 38.75);
insert into tb_preco_venda (codigo_produto, codigo_filial, valor_preco) values (10, 1, 18.31);
insert into tb_preco_venda (codigo_produto, codigo_filial, valor_preco) values (10, 2, 18.90);
insert into tb_preco_venda (codigo_produto, codigo_filial, valor_preco) values (10, 3, 18.51);
insert into tb_preco_venda (codigo_produto, codigo_filial, valor_preco) values (10, 4, 18.11);
insert into tb_preco_venda (codigo_produto, codigo_filial, valor_preco) values (10, 5, 18.90);
insert into tb_preco_venda (codigo_produto, codigo_filial, valor_preco) values (11, 1, 9.01);
insert into tb_preco_venda (codigo_produto, codigo_filial, valor_preco) values (11, 2, 9.90);
insert into tb_preco_venda (codigo_produto, codigo_filial, valor_preco) values (11, 3, 9.80);
insert into tb_preco_venda (codigo_produto, codigo_filial, valor_preco) values (11, 4, 9.11);
insert into tb_preco_venda (codigo_produto, codigo_filial, valor_preco) values (11, 5, 9.11);
insert into tb_preco_venda (codigo_produto, codigo_filial, valor_preco) values (12, 1, 24.09);
insert into tb_preco_venda (codigo_produto, codigo_filial, valor_preco) values (12, 2, 24.60);
insert into tb_preco_venda (codigo_produto, codigo_filial, valor_preco) values (12, 3, 24.35);
insert into tb_preco_venda (codigo_produto, codigo_filial, valor_preco) values (12, 4, 24.09);
insert into tb_preco_venda (codigo_produto, codigo_filial, valor_preco) values (12, 5, 23.57);
insert into tb_preco_venda (codigo_produto, codigo_filial, valor_preco) values (13, 1, 16.64);
insert into tb_preco_venda (codigo_produto, codigo_filial, valor_preco) values (13, 2, 16.14);
insert into tb_preco_venda (codigo_produto, codigo_filial, valor_preco) values (13, 3, 15.81);
insert into tb_preco_venda (codigo_produto, codigo_filial, valor_preco) values (13, 4, 15.64);
insert into tb_preco_venda (codigo_produto, codigo_filial, valor_preco) values (13, 5, 16.14);
insert into tb_preco_venda (codigo_produto, codigo_filial, valor_preco) values (14, 1, 7.49);
insert into tb_preco_venda (codigo_produto, codigo_filial, valor_preco) values (14, 2, 7.19);
insert into tb_preco_venda (codigo_produto, codigo_filial, valor_preco) values (14, 3, 7.12);
insert into tb_preco_venda (codigo_produto, codigo_filial, valor_preco) values (14, 4, 7.49);
insert into tb_preco_venda (codigo_produto, codigo_filial, valor_preco) values (14, 5, 7.27);
insert into tb_preco_venda (codigo_produto, codigo_filial, valor_preco) values (15, 1, 30.07);
insert into tb_preco_venda (codigo_produto, codigo_filial, valor_preco) values (15, 2, 29.43);
insert into tb_preco_venda (codigo_produto, codigo_filial, valor_preco) values (15, 3, 31.67);
insert into tb_preco_venda (codigo_produto, codigo_filial, valor_preco) values (15, 4, 29.75);
insert into tb_preco_venda (codigo_produto, codigo_filial, valor_preco) values (15, 5, 31.67);
insert into tb_preco_venda (codigo_produto, codigo_filial, valor_preco) values (16, 1, 7.42);
insert into tb_preco_venda (codigo_produto, codigo_filial, valor_preco) values (16, 2, 6.97);
insert into tb_preco_venda (codigo_produto, codigo_filial, valor_preco) values (16, 3, 7.19);
insert into tb_preco_venda (codigo_produto, codigo_filial, valor_preco) values (16, 4, 7.34);
insert into tb_preco_venda (codigo_produto, codigo_filial, valor_preco) values (16, 5, 7.42);
insert into tb_preco_venda (codigo_produto, codigo_filial, valor_preco) values (17, 1, 6.43);
insert into tb_preco_venda (codigo_produto, codigo_filial, valor_preco) values (17, 2, 6.49);
insert into tb_preco_venda (codigo_produto, codigo_filial, valor_preco) values (17, 3, 6.30);
insert into tb_preco_venda (codigo_produto, codigo_filial, valor_preco) values (17, 4, 6.10);
insert into tb_preco_venda (codigo_produto, codigo_filial, valor_preco) values (17, 5, 6.36);
insert into tb_preco_venda (codigo_produto, codigo_filial, valor_preco) values (18, 1, 14.45);
insert into tb_preco_venda (codigo_produto, codigo_filial, valor_preco) values (18, 2, 13.71);
insert into tb_preco_venda (codigo_produto, codigo_filial, valor_preco) values (18, 3, 13.71);
insert into tb_preco_venda (codigo_produto, codigo_filial, valor_preco) values (18, 4, 13.71);
insert into tb_preco_venda (codigo_produto, codigo_filial, valor_preco) values (18, 5, 14.75);
insert into tb_preco_venda (codigo_produto, codigo_filial, valor_preco) values (19, 1, 15.46);
insert into tb_preco_venda (codigo_produto, codigo_filial, valor_preco) values (19, 2, 16.48);
insert into tb_preco_venda (codigo_produto, codigo_filial, valor_preco) values (19, 3, 16.48);
insert into tb_preco_venda (codigo_produto, codigo_filial, valor_preco) values (19, 4, 16.65);
insert into tb_preco_venda (codigo_produto, codigo_filial, valor_preco) values (19, 5, 16.48);
insert into tb_preco_venda (codigo_produto, codigo_filial, valor_preco) values (20, 1, 14.49);
insert into tb_preco_venda (codigo_produto, codigo_filial, valor_preco) values (20, 2, 14.18);
insert into tb_preco_venda (codigo_produto, codigo_filial, valor_preco) values (20, 3, 14.49);
insert into tb_preco_venda (codigo_produto, codigo_filial, valor_preco) values (20, 4, 14.79);
insert into tb_preco_venda (codigo_produto, codigo_filial, valor_preco) values (20, 5, 15.41);
insert into tb_preco_venda (codigo_produto, codigo_filial, valor_preco) values (21, 1, 11.87);
insert into tb_preco_venda (codigo_produto, codigo_filial, valor_preco) values (21, 2, 12.26);
insert into tb_preco_venda (codigo_produto, codigo_filial, valor_preco) values (21, 3, 12.13);
insert into tb_preco_venda (codigo_produto, codigo_filial, valor_preco) values (21, 4, 12.90);
insert into tb_preco_venda (codigo_produto, codigo_filial, valor_preco) values (21, 5, 11.74);
insert into tb_preco_venda (codigo_produto, codigo_filial, valor_preco) values (22, 1, 4.69);
insert into tb_preco_venda (codigo_produto, codigo_filial, valor_preco) values (22, 2, 4.50);
insert into tb_preco_venda (codigo_produto, codigo_filial, valor_preco) values (22, 3, 4.74);
insert into tb_preco_venda (codigo_produto, codigo_filial, valor_preco) values (22, 4, 4.79);
insert into tb_preco_venda (codigo_produto, codigo_filial, valor_preco) values (22, 5, 4.74);
insert into tb_preco_venda (codigo_produto, codigo_filial, valor_preco) values (23, 1, 9.99);
insert into tb_preco_venda (codigo_produto, codigo_filial, valor_preco) values (23, 2, 9.19);
insert into tb_preco_venda (codigo_produto, codigo_filial, valor_preco) values (23, 3, 9.19);
insert into tb_preco_venda (codigo_produto, codigo_filial, valor_preco) values (23, 4, 9.69);
insert into tb_preco_venda (codigo_produto, codigo_filial, valor_preco) values (23, 5, 9.89);
insert into tb_preco_venda (codigo_produto, codigo_filial, valor_preco) values (24, 1, 10.00);
insert into tb_preco_venda (codigo_produto, codigo_filial, valor_preco) values (24, 2, 10.22);
insert into tb_preco_venda (codigo_produto, codigo_filial, valor_preco) values (24, 3, 10.66);
insert into tb_preco_venda (codigo_produto, codigo_filial, valor_preco) values (24, 4, 10.99);
insert into tb_preco_venda (codigo_produto, codigo_filial, valor_preco) values (24, 5, 10.88);
insert into tb_preco_venda (codigo_produto, codigo_filial, valor_preco) values (25, 1, 24.99);
insert into tb_preco_venda (codigo_produto, codigo_filial, valor_preco) values (25, 2, 25.25);
insert into tb_preco_venda (codigo_produto, codigo_filial, valor_preco) values (25, 3, 23.46);
insert into tb_preco_venda (codigo_produto, codigo_filial, valor_preco) values (25, 4, 23.46);
insert into tb_preco_venda (codigo_produto, codigo_filial, valor_preco) values (25, 5, 24.23);
insert into tb_preco_venda (codigo_produto, codigo_filial, valor_preco) values (26, 1, 3.07);
insert into tb_preco_venda (codigo_produto, codigo_filial, valor_preco) values (26, 2, 2.98);
insert into tb_preco_venda (codigo_produto, codigo_filial, valor_preco) values (26, 3, 2.95);
insert into tb_preco_venda (codigo_produto, codigo_filial, valor_preco) values (26, 4, 3.07);
insert into tb_preco_venda (codigo_produto, codigo_filial, valor_preco) values (26, 5, 3.14);
insert into tb_preco_venda (codigo_produto, codigo_filial, valor_preco) values (27, 1, 2.51);
insert into tb_preco_venda (codigo_produto, codigo_filial, valor_preco) values (27, 2, 2.48);
insert into tb_preco_venda (codigo_produto, codigo_filial, valor_preco) values (27, 3, 2.59);
insert into tb_preco_venda (codigo_produto, codigo_filial, valor_preco) values (27, 4, 2.53);
insert into tb_preco_venda (codigo_produto, codigo_filial, valor_preco) values (27, 5, 2.40);
insert into tb_preco_venda (codigo_produto, codigo_filial, valor_preco) values (28, 1, 4.12);
insert into tb_preco_venda (codigo_produto, codigo_filial, valor_preco) values (28, 2, 4.25);
insert into tb_preco_venda (codigo_produto, codigo_filial, valor_preco) values (28, 3, 3.95);
insert into tb_preco_venda (codigo_produto, codigo_filial, valor_preco) values (28, 4, 3.91);
insert into tb_preco_venda (codigo_produto, codigo_filial, valor_preco) values (28, 5, 4.04);
insert into tb_preco_venda (codigo_produto, codigo_filial, valor_preco) values (29, 1, 5.75);
insert into tb_preco_venda (codigo_produto, codigo_filial, valor_preco) values (29, 2, 5.87);
insert into tb_preco_venda (codigo_produto, codigo_filial, valor_preco) values (29, 3, 5.46);
insert into tb_preco_venda (codigo_produto, codigo_filial, valor_preco) values (29, 4, 5.40);
insert into tb_preco_venda (codigo_produto, codigo_filial, valor_preco) values (29, 5, 5.63);
insert into tb_preco_venda (codigo_produto, codigo_filial, valor_preco) values (30, 1, 6.28);
insert into tb_preco_venda (codigo_produto, codigo_filial, valor_preco) values (30, 2, 6.90);
insert into tb_preco_venda (codigo_produto, codigo_filial, valor_preco) values (30, 3, 6.69);
insert into tb_preco_venda (codigo_produto, codigo_filial, valor_preco) values (30, 4, 6.28);
insert into tb_preco_venda (codigo_produto, codigo_filial, valor_preco) values (30, 5, 6.69);
insert into tb_preco_venda (codigo_produto, codigo_filial, valor_preco) values (31, 1, 8.62);
insert into tb_preco_venda (codigo_produto, codigo_filial, valor_preco) values (31, 2, 8.26);
insert into tb_preco_venda (codigo_produto, codigo_filial, valor_preco) values (31, 3, 8.62);
insert into tb_preco_venda (codigo_produto, codigo_filial, valor_preco) values (31, 4, 8.26);
insert into tb_preco_venda (codigo_produto, codigo_filial, valor_preco) values (31, 5, 8.35);
insert into tb_preco_venda (codigo_produto, codigo_filial, valor_preco) values (32, 1, 7.45);
insert into tb_preco_venda (codigo_produto, codigo_filial, valor_preco) values (32, 2, 7.45);
insert into tb_preco_venda (codigo_produto, codigo_filial, valor_preco) values (32, 3, 8.11);
insert into tb_preco_venda (codigo_produto, codigo_filial, valor_preco) values (32, 4, 7.86);
insert into tb_preco_venda (codigo_produto, codigo_filial, valor_preco) values (32, 5, 7.53);
insert into tb_preco_venda (codigo_produto, codigo_filial, valor_preco) values (33, 1, 12.87);
insert into tb_preco_venda (codigo_produto, codigo_filial, valor_preco) values (33, 2, 13.43);
insert into tb_preco_venda (codigo_produto, codigo_filial, valor_preco) values (33, 3, 13.01);
insert into tb_preco_venda (codigo_produto, codigo_filial, valor_preco) values (33, 4, 12.87);
insert into tb_preco_venda (codigo_produto, codigo_filial, valor_preco) values (33, 5, 12.73);
insert into tb_preco_venda (codigo_produto, codigo_filial, valor_preco) values (34, 1, 4.99);
insert into tb_preco_venda (codigo_produto, codigo_filial, valor_preco) values (34, 2, 4.89);
insert into tb_preco_venda (codigo_produto, codigo_filial, valor_preco) values (34, 3, 4.94);
insert into tb_preco_venda (codigo_produto, codigo_filial, valor_preco) values (34, 4, 4.54);
insert into tb_preco_venda (codigo_produto, codigo_filial, valor_preco) values (34, 5, 4.99);
insert into tb_preco_venda (codigo_produto, codigo_filial, valor_preco) values (35, 1, 4.32);
insert into tb_preco_venda (codigo_produto, codigo_filial, valor_preco) values (35, 2, 4.37);
insert into tb_preco_venda (codigo_produto, codigo_filial, valor_preco) values (35, 3, 4.50);
insert into tb_preco_venda (codigo_produto, codigo_filial, valor_preco) values (35, 4, 4.41);
insert into tb_preco_venda (codigo_produto, codigo_filial, valor_preco) values (35, 5, 4.37);
insert into tb_preco_venda (codigo_produto, codigo_filial, valor_preco) values (36, 1, 5.99);
insert into tb_preco_venda (codigo_produto, codigo_filial, valor_preco) values (36, 2, 5.63);
insert into tb_preco_venda (codigo_produto, codigo_filial, valor_preco) values (36, 3, 5.87);
insert into tb_preco_venda (codigo_produto, codigo_filial, valor_preco) values (36, 4, 5.51);
insert into tb_preco_venda (codigo_produto, codigo_filial, valor_preco) values (36, 5, 5.69);
insert into tb_preco_venda (codigo_produto, codigo_filial, valor_preco) values (37, 1, 1.58);
insert into tb_preco_venda (codigo_produto, codigo_filial, valor_preco) values (37, 2, 1.61);
insert into tb_preco_venda (codigo_produto, codigo_filial, valor_preco) values (37, 3, 1.66);
insert into tb_preco_venda (codigo_produto, codigo_filial, valor_preco) values (37, 4, 1.56);
insert into tb_preco_venda (codigo_produto, codigo_filial, valor_preco) values (37, 5, 1.55);
insert into tb_preco_venda (codigo_produto, codigo_filial, valor_preco) values (38, 1, 3.39);
insert into tb_preco_venda (codigo_produto, codigo_filial, valor_preco) values (38, 2, 3.47);
insert into tb_preco_venda (codigo_produto, codigo_filial, valor_preco) values (38, 3, 3.36);
insert into tb_preco_venda (codigo_produto, codigo_filial, valor_preco) values (38, 4, 3.51);
insert into tb_preco_venda (codigo_produto, codigo_filial, valor_preco) values (38, 5, 3.51);
insert into tb_preco_venda (codigo_produto, codigo_filial, valor_preco) values (39, 1, 4.18);
insert into tb_preco_venda (codigo_produto, codigo_filial, valor_preco) values (39, 2, 4.14);
insert into tb_preco_venda (codigo_produto, codigo_filial, valor_preco) values (39, 3, 4.41);
insert into tb_preco_venda (codigo_produto, codigo_filial, valor_preco) values (39, 4, 4.50);
insert into tb_preco_venda (codigo_produto, codigo_filial, valor_preco) values (39, 5, 4.14);
insert into tb_preco_venda (codigo_produto, codigo_filial, valor_preco) values (40, 1, 2.12);
insert into tb_preco_venda (codigo_produto, codigo_filial, valor_preco) values (40, 2, 2.15);
insert into tb_preco_venda (codigo_produto, codigo_filial, valor_preco) values (40, 3, 2.06);
insert into tb_preco_venda (codigo_produto, codigo_filial, valor_preco) values (40, 4, 1.99);
insert into tb_preco_venda (codigo_produto, codigo_filial, valor_preco) values (40, 5, 2.10);
insert into tb_preco_venda (codigo_produto, codigo_filial, valor_preco) values (41, 1, 12.87);
insert into tb_preco_venda (codigo_produto, codigo_filial, valor_preco) values (41, 2, 13.85);
insert into tb_preco_venda (codigo_produto, codigo_filial, valor_preco) values (41, 3, 13.57);
insert into tb_preco_venda (codigo_produto, codigo_filial, valor_preco) values (41, 4, 13.99);
insert into tb_preco_venda (codigo_produto, codigo_filial, valor_preco) values (41, 5, 13.85);
insert into tb_preco_venda (codigo_produto, codigo_filial, valor_preco) values (42, 1, 22.76);
insert into tb_preco_venda (codigo_produto, codigo_filial, valor_preco) values (42, 2, 22.76);
insert into tb_preco_venda (codigo_produto, codigo_filial, valor_preco) values (42, 3, 20.92);
insert into tb_preco_venda (codigo_produto, codigo_filial, valor_preco) values (42, 4, 21.15);
insert into tb_preco_venda (codigo_produto, codigo_filial, valor_preco) values (42, 5, 21.15);
insert into tb_preco_venda (codigo_produto, codigo_filial, valor_preco) values (43, 1, 20.23);
insert into tb_preco_venda (codigo_produto, codigo_filial, valor_preco) values (43, 2, 21.11);
insert into tb_preco_venda (codigo_produto, codigo_filial, valor_preco) values (43, 3, 21.99);
insert into tb_preco_venda (codigo_produto, codigo_filial, valor_preco) values (43, 4, 20.89);
insert into tb_preco_venda (codigo_produto, codigo_filial, valor_preco) values (43, 5, 20.89);
insert into tb_preco_venda (codigo_produto, codigo_filial, valor_preco) values (44, 1, 7.56);
insert into tb_preco_venda (codigo_produto, codigo_filial, valor_preco) values (44, 2, 7.24);
insert into tb_preco_venda (codigo_produto, codigo_filial, valor_preco) values (44, 3, 7.71);
insert into tb_preco_venda (codigo_produto, codigo_filial, valor_preco) values (44, 4, 7.63);
insert into tb_preco_venda (codigo_produto, codigo_filial, valor_preco) values (44, 5, 7.24);
insert into tb_preco_venda (codigo_produto, codigo_filial, valor_preco) values (45, 1, 3.73);
insert into tb_preco_venda (codigo_produto, codigo_filial, valor_preco) values (45, 2, 3.73);
insert into tb_preco_venda (codigo_produto, codigo_filial, valor_preco) values (45, 3, 3.50);
insert into tb_preco_venda (codigo_produto, codigo_filial, valor_preco) values (45, 4, 3.58);
insert into tb_preco_venda (codigo_produto, codigo_filial, valor_preco) values (45, 5, 3.81);
insert into tb_preco_venda (codigo_produto, codigo_filial, valor_preco) values (46, 1, 6.72);
insert into tb_preco_venda (codigo_produto, codigo_filial, valor_preco) values (46, 2, 6.79);
insert into tb_preco_venda (codigo_produto, codigo_filial, valor_preco) values (46, 3, 6.18);
insert into tb_preco_venda (codigo_produto, codigo_filial, valor_preco) values (46, 4, 6.79);
insert into tb_preco_venda (codigo_produto, codigo_filial, valor_preco) values (46, 5, 6.38);
insert into tb_preco_venda (codigo_produto, codigo_filial, valor_preco) values (47, 1, 7.65);
insert into tb_preco_venda (codigo_produto, codigo_filial, valor_preco) values (47, 2, 7.50);
insert into tb_preco_venda (codigo_produto, codigo_filial, valor_preco) values (47, 3, 7.65);
insert into tb_preco_venda (codigo_produto, codigo_filial, valor_preco) values (47, 4, 7.73);
insert into tb_preco_venda (codigo_produto, codigo_filial, valor_preco) values (47, 5, 7.65);
insert into tb_preco_venda (codigo_produto, codigo_filial, valor_preco) values (48, 1, 2.77);
insert into tb_preco_venda (codigo_produto, codigo_filial, valor_preco) values (48, 2, 2.80);
insert into tb_preco_venda (codigo_produto, codigo_filial, valor_preco) values (48, 3, 2.63);
insert into tb_preco_venda (codigo_produto, codigo_filial, valor_preco) values (48, 4, 2.72);
insert into tb_preco_venda (codigo_produto, codigo_filial, valor_preco) values (48, 5, 2.72);
insert into tb_preco_venda (codigo_produto, codigo_filial, valor_preco) values (49, 1, 4.79);
insert into tb_preco_venda (codigo_produto, codigo_filial, valor_preco) values (49, 2, 4.45);
insert into tb_preco_venda (codigo_produto, codigo_filial, valor_preco) values (49, 3, 4.69);
insert into tb_preco_venda (codigo_produto, codigo_filial, valor_preco) values (49, 4, 4.74);
insert into tb_preco_venda (codigo_produto, codigo_filial, valor_preco) values (49, 5, 4.89);
insert into tb_preco_venda (codigo_produto, codigo_filial, valor_preco) values (50, 1, 5.76);
insert into tb_preco_venda (codigo_produto, codigo_filial, valor_preco) values (50, 2, 5.88);
insert into tb_preco_venda (codigo_produto, codigo_filial, valor_preco) values (50, 3, 5.82);
insert into tb_preco_venda (codigo_produto, codigo_filial, valor_preco) values (50, 4, 5.82);
insert into tb_preco_venda (codigo_produto, codigo_filial, valor_preco) values (50, 5, 5.82);


-- tb_item
insert into tb_item (codigo_item, codigo_produto, quantidade_produto, valor_unitario, valor_desconto, valor_total) values (1, 4, 3, 5.66, 0.7, 14.88);
insert into tb_item (codigo_item, codigo_produto, quantidade_produto, valor_unitario, valor_desconto, valor_total) values (2, 23, 6, 9.99, 0.9, 54.54);
insert into tb_item (codigo_item, codigo_produto, quantidade_produto, valor_unitario, valor_desconto, valor_total) values (3, 26, 2, 3.17, 0, 6.34);
insert into tb_item (codigo_item, codigo_produto, quantidade_produto, valor_unitario, valor_desconto, valor_total) values (4, 35, 9, 4.55, 0, 40.95);
insert into tb_item (codigo_item, codigo_produto, quantidade_produto, valor_unitario, valor_desconto, valor_total) values (5, 24, 3, 10.99, 0.9, 30.27);
insert into tb_item (codigo_item, codigo_produto, quantidade_produto, valor_unitario, valor_desconto, valor_total) values (6, 22, 4, 4.89, 0.7, 16.76);
insert into tb_item (codigo_item, codigo_produto, quantidade_produto, valor_unitario, valor_desconto, valor_total) values (7, 22, 6, 4.89, 0.7, 25.14);
insert into tb_item (codigo_item, codigo_produto, quantidade_produto, valor_unitario, valor_desconto, valor_total) values (8, 24, 3, 10.99, 0.9, 30.27);
insert into tb_item (codigo_item, codigo_produto, quantidade_produto, valor_unitario, valor_desconto, valor_total) values (9, 39, 1, 4.5, 1.7, 2.80);
insert into tb_item (codigo_item, codigo_produto, quantidade_produto, valor_unitario, valor_desconto, valor_total) values (10, 38, 9, 3.69, 0, 33.21);
insert into tb_item (codigo_item, codigo_produto, quantidade_produto, valor_unitario, valor_desconto, valor_total) values (11, 23, 11, 9.99, 0.9, 99.99);
insert into tb_item (codigo_item, codigo_produto, quantidade_produto, valor_unitario, valor_desconto, valor_total) values (12, 44, 8, 7.79, 0.2, 60.72);
insert into tb_item (codigo_item, codigo_produto, quantidade_produto, valor_unitario, valor_desconto, valor_total) values (13, 34, 2, 4.99, 2, 5.98);
insert into tb_item (codigo_item, codigo_produto, quantidade_produto, valor_unitario, valor_desconto, valor_total) values (14, 7, 1, 33.9, 0, 33.90);
insert into tb_item (codigo_item, codigo_produto, quantidade_produto, valor_unitario, valor_desconto, valor_total) values (15, 30, 9, 6.9, 2, 44.10);
insert into tb_item (codigo_item, codigo_produto, quantidade_produto, valor_unitario, valor_desconto, valor_total) values (16, 28, 1, 4.25, 0, 4.25);
insert into tb_item (codigo_item, codigo_produto, quantidade_produto, valor_unitario, valor_desconto, valor_total) values (17, 48, 2, 2.89, 0.3, 5.18);
insert into tb_item (codigo_item, codigo_produto, quantidade_produto, valor_unitario, valor_desconto, valor_total) values (18, 24, 10, 10.99, 0.9, 100.90);
insert into tb_item (codigo_item, codigo_produto, quantidade_produto, valor_unitario, valor_desconto, valor_total) values (19, 9, 8, 40.36, 0, 322.88);
insert into tb_item (codigo_item, codigo_produto, quantidade_produto, valor_unitario, valor_desconto, valor_total) values (20, 17, 11, 6.49, 0.9, 61.49);
insert into tb_item (codigo_item, codigo_produto, quantidade_produto, valor_unitario, valor_desconto, valor_total) values (21, 39, 6, 4.5, 1.7, 16.80);
insert into tb_item (codigo_item, codigo_produto, quantidade_produto, valor_unitario, valor_desconto, valor_total) values (22, 38, 3, 3.69, 0, 11.07);
insert into tb_item (codigo_item, codigo_produto, quantidade_produto, valor_unitario, valor_desconto, valor_total) values (23, 34, 6, 4.99, 2, 17.94);
insert into tb_item (codigo_item, codigo_produto, quantidade_produto, valor_unitario, valor_desconto, valor_total) values (24, 43, 10, 21.99, 0, 219.90);
insert into tb_item (codigo_item, codigo_produto, quantidade_produto, valor_unitario, valor_desconto, valor_total) values (25, 41, 3, 13.99, 0, 41.97);
insert into tb_item (codigo_item, codigo_produto, quantidade_produto, valor_unitario, valor_desconto, valor_total) values (26, 5, 2, 115.35, 7.5, 215.70);
insert into tb_item (codigo_item, codigo_produto, quantidade_produto, valor_unitario, valor_desconto, valor_total) values (27, 2, 6, 11.29, 1, 61.74);
insert into tb_item (codigo_item, codigo_produto, quantidade_produto, valor_unitario, valor_desconto, valor_total) values (28, 41, 5, 13.99, 0, 69.95);
insert into tb_item (codigo_item, codigo_produto, quantidade_produto, valor_unitario, valor_desconto, valor_total) values (29, 23, 4, 9.99, 0.9, 36.36);
insert into tb_item (codigo_item, codigo_produto, quantidade_produto, valor_unitario, valor_desconto, valor_total) values (30, 8, 2, 22.61, 0, 45.22);
insert into tb_item (codigo_item, codigo_produto, quantidade_produto, valor_unitario, valor_desconto, valor_total) values (31, 15, 10, 31.99, 0, 319.90);
insert into tb_item (codigo_item, codigo_produto, quantidade_produto, valor_unitario, valor_desconto, valor_total) values (32, 47, 7, 7.89, 0.3, 53.13);
insert into tb_item (codigo_item, codigo_produto, quantidade_produto, valor_unitario, valor_desconto, valor_total) values (33, 17, 11, 6.49, 0.9, 61.49);
insert into tb_item (codigo_item, codigo_produto, quantidade_produto, valor_unitario, valor_desconto, valor_total) values (34, 25, 4, 25.5, 0, 102.00);
insert into tb_item (codigo_item, codigo_produto, quantidade_produto, valor_unitario, valor_desconto, valor_total) values (35, 1, 1, 37.99, 0, 37.99);
insert into tb_item (codigo_item, codigo_produto, quantidade_produto, valor_unitario, valor_desconto, valor_total) values (36, 40, 6, 2.19, 0, 13.14);
insert into tb_item (codigo_item, codigo_produto, quantidade_produto, valor_unitario, valor_desconto, valor_total) values (37, 40, 2, 2.19, 0, 4.38);
insert into tb_item (codigo_item, codigo_produto, quantidade_produto, valor_unitario, valor_desconto, valor_total) values (38, 38, 3, 3.69, 0, 11.07);
insert into tb_item (codigo_item, codigo_produto, quantidade_produto, valor_unitario, valor_desconto, valor_total) values (39, 35, 2, 4.55, 0, 9.10);
insert into tb_item (codigo_item, codigo_produto, quantidade_produto, valor_unitario, valor_desconto, valor_total) values (40, 31, 8, 8.98, 0, 71.84);
insert into tb_item (codigo_item, codigo_produto, quantidade_produto, valor_unitario, valor_desconto, valor_total) values (41, 12, 2, 25.9, 0, 51.80);
insert into tb_item (codigo_item, codigo_produto, quantidade_produto, valor_unitario, valor_desconto, valor_total) values (42, 38, 1, 3.69, 0, 3.69);
insert into tb_item (codigo_item, codigo_produto, quantidade_produto, valor_unitario, valor_desconto, valor_total) values (43, 31, 1, 8.98, 0, 8.98);
insert into tb_item (codigo_item, codigo_produto, quantidade_produto, valor_unitario, valor_desconto, valor_total) values (44, 29, 1, 5.93, 0, 5.93);
insert into tb_item (codigo_item, codigo_produto, quantidade_produto, valor_unitario, valor_desconto, valor_total) values (45, 10, 9, 19.9, 0, 179.10);
insert into tb_item (codigo_item, codigo_produto, quantidade_produto, valor_unitario, valor_desconto, valor_total) values (46, 30, 2, 6.9, 2, 9.80);
insert into tb_item (codigo_item, codigo_produto, quantidade_produto, valor_unitario, valor_desconto, valor_total) values (47, 2, 3, 11.29, 1, 30.87);
insert into tb_item (codigo_item, codigo_produto, quantidade_produto, valor_unitario, valor_desconto, valor_total) values (48, 10, 1, 19.9, 0, 19.90);
insert into tb_item (codigo_item, codigo_produto, quantidade_produto, valor_unitario, valor_desconto, valor_total) values (49, 28, 7, 4.25, 0, 29.75);
insert into tb_item (codigo_item, codigo_produto, quantidade_produto, valor_unitario, valor_desconto, valor_total) values (50, 27, 7, 2.64, 0.64, 14.00);
insert into tb_item (codigo_item, codigo_produto, quantidade_produto, valor_unitario, valor_desconto, valor_total) values (51, 14, 11, 7.49, 0, 82.39);
insert into tb_item (codigo_item, codigo_produto, quantidade_produto, valor_unitario, valor_desconto, valor_total) values (52, 35, 5, 4.55, 0, 22.75);
insert into tb_item (codigo_item, codigo_produto, quantidade_produto, valor_unitario, valor_desconto, valor_total) values (53, 6, 10, 91.9, 0, 919.00);
insert into tb_item (codigo_item, codigo_produto, quantidade_produto, valor_unitario, valor_desconto, valor_total) values (54, 45, 9, 3.85, 0.1, 33.75);
insert into tb_item (codigo_item, codigo_produto, quantidade_produto, valor_unitario, valor_desconto, valor_total) values (55, 10, 4, 19.9, 0, 79.60);
insert into tb_item (codigo_item, codigo_produto, quantidade_produto, valor_unitario, valor_desconto, valor_total) values (56, 27, 9, 2.64, 0.64, 18.00);
insert into tb_item (codigo_item, codigo_produto, quantidade_produto, valor_unitario, valor_desconto, valor_total) values (57, 25, 11, 25.5, 0, 280.50);
insert into tb_item (codigo_item, codigo_produto, quantidade_produto, valor_unitario, valor_desconto, valor_total) values (58, 10, 5, 19.9, 0, 99.50);
insert into tb_item (codigo_item, codigo_produto, quantidade_produto, valor_unitario, valor_desconto, valor_total) values (59, 24, 11, 10.99, 0.9, 110.99);
insert into tb_item (codigo_item, codigo_produto, quantidade_produto, valor_unitario, valor_desconto, valor_total) values (60, 38, 10, 3.69, 0, 36.90);

-- tb pedido
insert into tb_pedido (codigo_pedido, codigo_status_do_pedido, data_compra, data_entrega, valor_total) values
(1, 1, '2021-08-01', '2021-08-03', 0);
insert into tb_pedido_itens (codigo_pedido, codigo_item) values (1, 6);
insert into tb_pedido_itens (codigo_pedido, codigo_item) values (1, 8);
insert into tb_pedido_itens (codigo_pedido, codigo_item) values (1, 5);
update tb_pedido p 
set valor_total = 77.30
where p.codigo_pedido  = 1;

insert into tb_pedido (codigo_pedido, codigo_status_do_pedido, data_compra, data_entrega, valor_total) values
(2, 1, '2021-08-01', '2021-08-03', 0);
insert into tb_pedido_itens (codigo_pedido, codigo_item) values (2, 10);
insert into tb_pedido_itens (codigo_pedido, codigo_item) values (2, 8);
update tb_pedido p 
set valor_total = 14.68
where p.codigo_pedido  = 2;

insert into tb_pedido (codigo_pedido, codigo_status_do_pedido, data_compra, data_entrega, valor_total) values
(3, 5, '2021-08-02', '2021-08-04', 0);
insert into tb_pedido_itens (codigo_pedido, codigo_item) values (3, 7);
insert into tb_pedido_itens (codigo_pedido, codigo_item) values (3, 6);
update tb_pedido p 
set valor_total = 41.90
where p.codigo_pedido  = 3;

insert into tb_pedido (codigo_pedido, codigo_status_do_pedido, data_compra, data_entrega, valor_total) values
(4, 5, '2021-08-02', '2021-08-04', 0);
insert into tb_pedido_itens (codigo_pedido, codigo_item) values (4, 3);
insert into tb_pedido_itens (codigo_pedido, codigo_item) values (4, 8);
update tb_pedido p 
set valor_total = 14.16
where p.codigo_pedido  = 4;

insert into tb_pedido (codigo_pedido, codigo_status_do_pedido, data_compra, data_entrega, valor_total) values (5, 2, '2021-08-24', '2021-08-26', 0);
insert into tb_pedido_itens (codigo_pedido, codigo_item) values (5, 10);
insert into tb_pedido_itens (codigo_pedido, codigo_item) values (5, 32);
insert into tb_pedido_itens (codigo_pedido, codigo_item) values (5, 42);
update tb_pedido p
        set valor_total = 90.3
        where p.codigo_pedido  = 5;
        
insert into tb_pedido (codigo_pedido, codigo_status_do_pedido, data_compra, data_entrega, valor_total) values (6, 2, '2021-08-4', '2021-08-6', 0);
insert into tb_pedido_itens (codigo_pedido, codigo_item) values (6, 54);
insert into tb_pedido_itens (codigo_pedido, codigo_item) values (6, 21);
update tb_pedido p
        set valor_total = 50.55
        where p.codigo_pedido  = 6;

insert into tb_pedido (codigo_pedido, codigo_status_do_pedido, data_compra, data_entrega, valor_total) values (7, 4, '2021-08-25', '2021-08-27', 0);
insert into tb_pedido_itens (codigo_pedido, codigo_item) values (7, 4);
insert into tb_pedido_itens (codigo_pedido, codigo_item) values (7, 46);
insert into tb_pedido_itens (codigo_pedido, codigo_item) values (7, 33);
insert into tb_pedido_itens (codigo_pedido, codigo_item) values (7, 1);
insert into tb_pedido_itens (codigo_pedido, codigo_item) values (7, 47);
update tb_pedido p
        set valor_total = 157.96
        where p.codigo_pedido  = 7;

insert into tb_pedido (codigo_pedido, codigo_status_do_pedido, data_compra, data_entrega, valor_total) values (8, 4, '2021-08-12', '2021-08-14', 0);
insert into tb_pedido_itens (codigo_pedido, codigo_item) values (8, 58);
insert into tb_pedido_itens (codigo_pedido, codigo_item) values (8, 54);
insert into tb_pedido_itens (codigo_pedido, codigo_item) values (8, 21);
insert into tb_pedido_itens (codigo_pedido, codigo_item) values (8, 18);
insert into tb_pedido_itens (codigo_pedido, codigo_item) values (8, 17);
update tb_pedido p
        set valor_total = 256.13
        where p.codigo_pedido  = 8;

insert into tb_pedido (codigo_pedido, codigo_status_do_pedido, data_compra, data_entrega, valor_total) values (9, 2, '2021-08-23', '2021-08-25', 0);
insert into tb_pedido_itens (codigo_pedido, codigo_item) values (9, 48);
update tb_pedido p
        set valor_total = 19.9
        where p.codigo_pedido  = 9;

insert into tb_pedido (codigo_pedido, codigo_status_do_pedido, data_compra, data_entrega, valor_total) values (10, 3, '2021-08-1', '2021-08-3', 0);
insert into tb_pedido_itens (codigo_pedido, codigo_item) values (10, 54);
insert into tb_pedido_itens (codigo_pedido, codigo_item) values (10, 12);
update tb_pedido p
        set valor_total = 11.64
        where p.codigo_pedido  = 10;

insert into tb_pedido (codigo_pedido, codigo_status_do_pedido, data_compra, data_entrega, valor_total) values (11, 3, '2021-08-27', '2021-08-29', 0);
insert into tb_pedido_itens (codigo_pedido, codigo_item) values (11, 56);
insert into tb_pedido_itens (codigo_pedido, codigo_item) values (11, 52);
insert into tb_pedido_itens (codigo_pedido, codigo_item) values (11, 25);
update tb_pedido p
        set valor_total = 82.72
        where p.codigo_pedido  = 11;

insert into tb_pedido (codigo_pedido, codigo_status_do_pedido, data_compra, data_entrega, valor_total) values (12, 3, '2021-08-14', '2021-08-16', 0);
insert into tb_pedido_itens (codigo_pedido, codigo_item) values (12, 58);
insert into tb_pedido_itens (codigo_pedido, codigo_item) values (12, 13);
insert into tb_pedido_itens (codigo_pedido, codigo_item) values (12, 22);
insert into tb_pedido_itens (codigo_pedido, codigo_item) values (12, 16);
insert into tb_pedido_itens (codigo_pedido, codigo_item) values (12, 29);
update tb_pedido p
        set valor_total = 42.82
        where p.codigo_pedido  = 12;


insert into tb_pedido (codigo_pedido, codigo_status_do_pedido, data_compra, data_entrega, valor_total) values (13, 4, '2021-08-20', '2021-08-22', 0);
insert into tb_pedido_itens (codigo_pedido, codigo_item) values (13, 42);
insert into tb_pedido_itens (codigo_pedido, codigo_item) values (13, 36);
update tb_pedido p
        set valor_total = 5.88
        where p.codigo_pedido  = 13;

insert into tb_pedido (codigo_pedido, codigo_status_do_pedido, data_compra, data_entrega, valor_total) values (14, 4, '2021-08-26', '2021-08-28', 0);
insert into tb_pedido_itens (codigo_pedido, codigo_item) values (14, 15);
insert into tb_pedido_itens (codigo_pedido, codigo_item) values (14, 45);
insert into tb_pedido_itens (codigo_pedido, codigo_item) values (14, 58);
insert into tb_pedido_itens (codigo_pedido, codigo_item) values (14, 54);
update tb_pedido p
        set valor_total = 356.45
        where p.codigo_pedido  = 14;


insert into tb_pedido (codigo_pedido, codigo_status_do_pedido, data_compra, data_entrega, valor_total) values (15, 1, '2021-08-18', '2021-08-20', 0);
insert into tb_pedido_itens (codigo_pedido, codigo_item) values (15, 7);
insert into tb_pedido_itens (codigo_pedido, codigo_item) values (15, 9);
insert into tb_pedido_itens (codigo_pedido, codigo_item) values (15, 28);
update tb_pedido p
        set valor_total = 23.38
        where p.codigo_pedido  = 15;


insert into tb_pedido (codigo_pedido, codigo_status_do_pedido, data_compra, data_entrega, valor_total) values (16, 4, '2021-08-25', '2021-08-27', 0);
insert into tb_pedido_itens (codigo_pedido, codigo_item) values (16, 12);
insert into tb_pedido_itens (codigo_pedido, codigo_item) values (16, 50);
update tb_pedido p
        set valor_total = 74.72
        where p.codigo_pedido  = 16;

insert into tb_pedido (codigo_pedido, codigo_status_do_pedido, data_compra, data_entrega, valor_total) values (17, 3, '2021-08-8', '2021-08-10', 0);
insert into tb_pedido_itens (codigo_pedido, codigo_item) values (17, 33);
update tb_pedido p
        set valor_total = 61.49
        where p.codigo_pedido  = 17;


insert into tb_pedido (codigo_pedido, codigo_status_do_pedido, data_compra, data_entrega, valor_total) values (18, 2, '2021-08-18', '2021-08-20', 0);
insert into tb_pedido_itens (codigo_pedido, codigo_item) values (18, 18);
insert into tb_pedido_itens (codigo_pedido, codigo_item) values (18, 13);
insert into tb_pedido_itens (codigo_pedido, codigo_item) values (18, 59);
insert into tb_pedido_itens (codigo_pedido, codigo_item) values (18, 38);
update tb_pedido p
        set valor_total = 228.94
        where p.codigo_pedido  = 18;

insert into tb_pedido (codigo_pedido, codigo_status_do_pedido, data_compra, data_entrega, valor_total) values (19, 3, '2021-08-23', '2021-08-25', 0);
insert into tb_pedido_itens (codigo_pedido, codigo_item) values (19, 51);
insert into tb_pedido_itens (codigo_pedido, codigo_item) values (19, 43);
insert into tb_pedido_itens (codigo_pedido, codigo_item) values (19, 52);
update tb_pedido p
        set valor_total = 114.12
        where p.codigo_pedido  = 19;

insert into tb_pedido (codigo_pedido, codigo_status_do_pedido, data_compra, data_entrega, valor_total) values (20, 2, '2021-08-20', '2021-08-22', 0);
insert into tb_pedido_itens (codigo_pedido, codigo_item) values (20, 44);
insert into tb_pedido_itens (codigo_pedido, codigo_item) values (20, 6);
update tb_pedido p
        set valor_total = 22.69
        where p.codigo_pedido  = 20;

insert into tb_pedido (codigo_pedido, codigo_status_do_pedido, data_compra, data_entrega, valor_total) values (21, 2, '2021-08-8', '2021-08-10', 0);
insert into tb_pedido_itens (codigo_pedido, codigo_item) values (21, 50);
insert into tb_pedido_itens (codigo_pedido, codigo_item) values (21, 28);
update tb_pedido p
        set valor_total = 83.95
        where p.codigo_pedido  = 21;

insert into tb_pedido (codigo_pedido, codigo_status_do_pedido, data_compra, data_entrega, valor_total) values (22, 3, '2021-08-8', '2021-08-10', 0);
insert into tb_pedido_itens (codigo_pedido, codigo_item) values (22, 48);
insert into tb_pedido_itens (codigo_pedido, codigo_item) values (22, 10);
insert into tb_pedido_itens (codigo_pedido, codigo_item) values (22, 26);
update tb_pedido p
        set valor_total = 268.81
        where p.codigo_pedido  = 22;


insert into tb_pedido (codigo_pedido, codigo_status_do_pedido, data_compra, data_entrega, valor_total) values (23, 4, '2021-08-27', '2021-08-29', 0);
insert into tb_pedido_itens (codigo_pedido, codigo_item) values (23, 51);
insert into tb_pedido_itens (codigo_pedido, codigo_item) values (23, 14);
insert into tb_pedido_itens (codigo_pedido, codigo_item) values (23, 31);
insert into tb_pedido_itens (codigo_pedido, codigo_item) values (23, 8);
update tb_pedido p
        set valor_total = 466.46
        where p.codigo_pedido  = 23;

insert into tb_pedido (codigo_pedido, codigo_status_do_pedido, data_compra, data_entrega, valor_total) values (24, 3, '2021-08-22', '2021-08-24', 0);
insert into tb_pedido_itens (codigo_pedido, codigo_item) values (24, 39);
insert into tb_pedido_itens (codigo_pedido, codigo_item) values (24, 28);
insert into tb_pedido_itens (codigo_pedido, codigo_item) values (24, 36);
insert into tb_pedido_itens (codigo_pedido, codigo_item) values (24, 6);
update tb_pedido p
        set valor_total = 108.95
        where p.codigo_pedido  = 24;

insert into tb_pedido (codigo_pedido, codigo_status_do_pedido, data_compra, data_entrega, valor_total) values (25, 2, '2021-08-15', '2021-08-17', 0);
insert into tb_pedido_itens (codigo_pedido, codigo_item) values (25, 13);
insert into tb_pedido_itens (codigo_pedido, codigo_item) values (25, 1);
insert into tb_pedido_itens (codigo_pedido, codigo_item) values (25, 21);
insert into tb_pedido_itens (codigo_pedido, codigo_item) values (25, 15);
insert into tb_pedido_itens (codigo_pedido, codigo_item) values (25, 7);
update tb_pedido p
        set valor_total = 106.9
        where p.codigo_pedido  = 25;

insert into tb_pedido (codigo_pedido, codigo_status_do_pedido, data_compra, data_entrega, valor_total) values (26, 1, '2021-08-22', '2021-08-24', 0);
insert into tb_pedido_itens (codigo_pedido, codigo_item) values (26, 18);
insert into tb_pedido_itens (codigo_pedido, codigo_item) values (26, 15);
update tb_pedido p
        set valor_total = 145
        where p.codigo_pedido  = 26;


insert into tb_pedido (codigo_pedido, codigo_status_do_pedido, data_compra, data_entrega, valor_total) values (27, 4, '2021-08-3', '2021-08-5', 0);
insert into tb_pedido_itens (codigo_pedido, codigo_item) values (27, 31);
insert into tb_pedido_itens (codigo_pedido, codigo_item) values (27, 57);
insert into tb_pedido_itens (codigo_pedido, codigo_item) values (27, 19);
update tb_pedido p
        set valor_total = 923.28
        where p.codigo_pedido  = 27;


insert into tb_pedido (codigo_pedido, codigo_status_do_pedido, data_compra, data_entrega, valor_total) values (28, 2, '2021-08-26', '2021-08-28', 0);
insert into tb_pedido_itens (codigo_pedido, codigo_item) values (28, 9);
insert into tb_pedido_itens (codigo_pedido, codigo_item) values (28, 55);
insert into tb_pedido_itens (codigo_pedido, codigo_item) values (28, 47);
insert into tb_pedido_itens (codigo_pedido, codigo_item) values (28, 56);
insert into tb_pedido_itens (codigo_pedido, codigo_item) values (28, 48);
update tb_pedido p
        set valor_total = 151.17
        where p.codigo_pedido  = 28;


insert into tb_pedido (codigo_pedido, codigo_status_do_pedido, data_compra, data_entrega, valor_total) values (29, 1, '2021-08-22', '2021-08-24', 0);
insert into tb_pedido_itens (codigo_pedido, codigo_item) values (29, 42);
insert into tb_pedido_itens (codigo_pedido, codigo_item) values (29, 50);
insert into tb_pedido_itens (codigo_pedido, codigo_item) values (29, 44);
insert into tb_pedido_itens (codigo_pedido, codigo_item) values (29, 30);
update tb_pedido p
        set valor_total = 68.84
        where p.codigo_pedido  = 29;


insert into tb_pedido (codigo_pedido, codigo_status_do_pedido, data_compra, data_entrega, valor_total) values (30, 2, '2021-08-8', '2021-08-10', 0);
insert into tb_pedido_itens (codigo_pedido, codigo_item) values (30, 17);
update tb_pedido p
        set valor_total = 5.18
        where p.codigo_pedido  = 30;

insert into tb_pedido (codigo_pedido, codigo_status_do_pedido, data_compra, data_entrega, valor_total) values (31, 3, '2021-08-7', '2021-08-9', 0);
insert into tb_pedido_itens (codigo_pedido, codigo_item) values (31, 4);
insert into tb_pedido_itens (codigo_pedido, codigo_item) values (31, 45);
insert into tb_pedido_itens (codigo_pedido, codigo_item) values (31, 38);
update tb_pedido p
        set valor_total = 231.12
        where p.codigo_pedido  = 31;

insert into tb_pedido (codigo_pedido, codigo_status_do_pedido, data_compra, data_entrega, valor_total) values (32, 4, '2021-08-28', '2021-08-30', 0);
insert into tb_pedido_itens (codigo_pedido, codigo_item) values (32, 53);
insert into tb_pedido_itens (codigo_pedido, codigo_item) values (32, 40);
update tb_pedido p
        set valor_total = 990.84
        where p.codigo_pedido  = 32;

insert into tb_pedido (codigo_pedido, codigo_status_do_pedido, data_compra, data_entrega, valor_total) values (33, 3, '2021-08-27', '2021-08-29', 0);
insert into tb_pedido_itens (codigo_pedido, codigo_item) values (33, 59);
insert into tb_pedido_itens (codigo_pedido, codigo_item) values (33, 41);
update tb_pedido p
        set valor_total = 162.79
        where p.codigo_pedido  = 33;

insert into tb_pedido (codigo_pedido, codigo_status_do_pedido, data_compra, data_entrega, valor_total) values (34, 4, '2021-08-5', '2021-08-7', 0);
insert into tb_pedido_itens (codigo_pedido, codigo_item) values (34, 11);
update tb_pedido p
        set valor_total = 99.99
        where p.codigo_pedido  = 34;

insert into tb_pedido (codigo_pedido, codigo_status_do_pedido, data_compra, data_entrega, valor_total) values (35, 3, '2021-08-1', '2021-08-3', 0);
insert into tb_pedido_itens (codigo_pedido, codigo_item) values (35, 53);
insert into tb_pedido_itens (codigo_pedido, codigo_item) values (35, 6);
update tb_pedido p
        set valor_total = 935.76
        where p.codigo_pedido  = 35;



-- tb nota_fiscal
insert into tb_nota_fiscal (nf, codigo_pedido, chave_de_acesso, serie, data_emissao, codigo_filial_emissora, valor_total) values 
(212423988, 16, '1166 6864 2424 4645 9768 9786 9547 3699 3843 7638 ', 772, '2021-8-26', null, 0);
insert into tb_nota_fiscal_itens (nf, codigo_item, percentual_icms, valor_icms) values (212423988, 12, 0.0300, 1.8216);
insert into tb_nota_fiscal_itens (nf, codigo_item, percentual_icms, valor_icms) values (212423988, 50, 0.0300, 0.42);
	update tb_nota_fiscal nf
	set valor_total = 74.72
	where nf.nf = 212423988;

insert into tb_nota_fiscal (nf, codigo_pedido, chave_de_acesso, serie, data_emissao, codigo_filial_emissora, valor_total) values 
(848918552, 1, '3310 8330 1836 3999 8331 2479 2729 9644 2181 3719 ', 156, '2021-8-7', null, 0);
insert into tb_nota_fiscal_itens (nf, codigo_item, percentual_icms, valor_icms) values (848918552, 5, 0.0300, 0.9081);
insert into tb_nota_fiscal_itens (nf, codigo_item, percentual_icms, valor_icms) values (848918552, 6, 0.0300, 0.5028);
insert into tb_nota_fiscal_itens (nf, codigo_item, percentual_icms, valor_icms) values (848918552, 8, 0.0300, 0.9081);
insert into tb_nota_fiscal_itens (nf, codigo_item, percentual_icms, valor_icms) values (848918552, 50, 0.0300, 0.42);
	update tb_nota_fiscal nf
	set valor_total = 77.3
	where nf.nf = 848918552;

insert into tb_nota_fiscal (nf, codigo_pedido, chave_de_acesso, serie, data_emissao, codigo_filial_emissora, valor_total) values 
(783674640, 10, '6182 8792 4528 7835 9177 1978 8396 3055 5876 5108 ', 110, '2021-8-15', null, 0);
insert into tb_nota_fiscal_itens (nf, codigo_item, percentual_icms, valor_icms) values (783674640, 12, 0, 0);
insert into tb_nota_fiscal_itens (nf, codigo_item, percentual_icms, valor_icms) values (783674640, 54, 0, 0);
update tb_nota_fiscal nf
	set valor_total = 11.64
	where nf.nf = 783674640;

insert into tb_nota_fiscal (nf, codigo_pedido, chave_de_acesso, serie, data_emissao, codigo_filial_emissora, valor_total) values 
(795711973, 17, '6727 5661 8605 1525 8377 9149 5347 6306 4153 8198 ', 494, '2021-8-16', null, 0);
insert into tb_nota_fiscal_itens (nf, codigo_item, percentual_icms, valor_icms) values (795711973, 33, 0, 0);
update tb_nota_fiscal nf
	set valor_total = 61.49
	where nf.nf = 795711973;

insert into tb_nota_fiscal (nf, codigo_pedido, chave_de_acesso, serie, data_emissao, codigo_filial_emissora, valor_total) values 
(902462329, 7, '7305 5234 8205 4611 4326 5253 5423 6809 4625 9345 ', 198, '2021-8-7', null, 0);
insert into tb_nota_fiscal_itens (nf, codigo_item, percentual_icms, valor_icms) values (902462329, 1, 0, 0);
insert into tb_nota_fiscal_itens (nf, codigo_item, percentual_icms, valor_icms) values (902462329, 4, 0, 0);
insert into tb_nota_fiscal_itens (nf, codigo_item, percentual_icms, valor_icms) values (902462329, 33, 0, 0);
insert into tb_nota_fiscal_itens (nf, codigo_item, percentual_icms, valor_icms) values (902462329, 46, 0, 0);
insert into tb_nota_fiscal_itens (nf, codigo_item, percentual_icms, valor_icms) values (902462329, 47, 0, 0);
update tb_nota_fiscal nf
	set valor_total = 157.96
	where nf.nf = 902462329;

insert into tb_nota_fiscal (nf, codigo_pedido, chave_de_acesso, serie, data_emissao, codigo_filial_emissora, valor_total) values 
(570158602, null, '1757 5716 2715 7245 9393 5839 8707 6532 5312 1143 ', 983, '2021-8-11', 5, 0);
insert into tb_nota_fiscal_itens (nf, codigo_item, percentual_icms, valor_icms) values (570158602, 40, 0, 0);
update tb_nota_fiscal nf
	set valor_total = 71.84
	where nf.nf = 570158602;

insert into tb_nota_fiscal (nf, codigo_pedido, chave_de_acesso, serie, data_emissao, codigo_filial_emissora, valor_total) values 
(556145763, null, '3420 5932 3057 9281 9394 2045 5280 3465 9585 3483 ', 290, '2021-8-15', 1, 0);
insert into tb_nota_fiscal_itens (nf, codigo_item, percentual_icms, valor_icms) values (556145763, 32, 0, 0);
update tb_nota_fiscal nf
	set valor_total = 53.13
	where nf.nf = 556145763;

insert into tb_nota_fiscal (nf, codigo_pedido, chave_de_acesso, serie, data_emissao, codigo_filial_emissora, valor_total) values 
(940246926, null, '9268 2584 8203 3071 3718 5810 9969 1612 3096 5350 ', 940, '2021-8-22', 4, 0);
insert into tb_nota_fiscal_itens (nf, codigo_item, percentual_icms, valor_icms) values (940246926, 2, 0, 0);
insert into tb_nota_fiscal_itens (nf, codigo_item, percentual_icms, valor_icms) values (940246926, 57, 0, 0);
update tb_nota_fiscal nf
	set valor_total = 335.04
	where nf.nf = 940246926;

insert into tb_nota_fiscal (nf, codigo_pedido, chave_de_acesso, serie, data_emissao, codigo_filial_emissora, valor_total) values 
(639039661, 20, '8711 3389 2329 9972 4128 2883 3673 2646 4597 4611 ', 860, '2021-8-27', null, 0);
insert into tb_nota_fiscal_itens (nf, codigo_item, percentual_icms, valor_icms) values (639039661, 6, 0, 0);
insert into tb_nota_fiscal_itens (nf, codigo_item, percentual_icms, valor_icms) values (639039661, 44, 0, 0);
update tb_nota_fiscal nf
	set valor_total = 22.69
	where nf.nf = 639039661;

insert into tb_nota_fiscal (nf, codigo_pedido, chave_de_acesso, serie, data_emissao, codigo_filial_emissora, valor_total) values 
(461226653, 13, '8246 1447 3881 4792 2751 8712 8914 7533 6236 8419 ', 892, '2021-8-23', null, 0);
insert into tb_nota_fiscal_itens (nf, codigo_item, percentual_icms, valor_icms) values (461226653, 36, 0, 0);
insert into tb_nota_fiscal_itens (nf, codigo_item, percentual_icms, valor_icms) values (461226653, 42, 0, 0);
update tb_nota_fiscal nf
	set valor_total = 5.88
	where nf.nf = 461226653;
        
insert into tb_nota_fiscal (nf, codigo_pedido, chave_de_acesso, serie, data_emissao, codigo_filial_emissora, valor_total) values 
(110902859, 19, '3204 9703 9608 3848 7025 1439 1743 6149 9921 8043 ', 326, '2021-8-24', null, 0);
insert into tb_nota_fiscal_itens (nf, codigo_item, percentual_icms, valor_icms) values (110902859, 43, 0, 0);
insert into tb_nota_fiscal_itens (nf, codigo_item, percentual_icms, valor_icms) values (110902859, 51, 0, 0);
insert into tb_nota_fiscal_itens (nf, codigo_item, percentual_icms, valor_icms) values (110902859, 52, 0, 0);
update tb_nota_fiscal nf
	set valor_total = 114.12
	where nf.nf = 110902859;

insert into tb_nota_fiscal (nf, codigo_pedido, chave_de_acesso, serie, data_emissao, codigo_filial_emissora, valor_total) values 
(222680105, 9, '5028 2678 7129 5443 1028 5031 2682 8910 4584 8867 ', 688, '2021-8-29', null, 0);
insert into tb_nota_fiscal_itens (nf, codigo_item, percentual_icms, valor_icms) values (222680105, 48, 0, 0);
update tb_nota_fiscal nf
	set valor_total = 19.9
	where nf.nf = 222680105;

insert into tb_nota_fiscal (nf, codigo_pedido, chave_de_acesso, serie, data_emissao, codigo_filial_emissora, valor_total) values 
(673850521, 2, '9878 9265 1129 5091 4259 3432 4881 5819 4813 3741 ', 924, '2021-8-23', null, 0);
insert into tb_nota_fiscal_itens (nf, codigo_item, percentual_icms, valor_icms) values (673850521, 8, 0, 0);
insert into tb_nota_fiscal_itens (nf, codigo_item, percentual_icms, valor_icms) values (673850521, 10, 0, 0);
update tb_nota_fiscal nf
	set valor_total = 14.68
	where nf.nf = 673850521;

insert into tb_nota_fiscal (nf, codigo_pedido, chave_de_acesso, serie, data_emissao, codigo_filial_emissora, valor_total) values 
(134387088, 28, '9949 9702 3658 5841 4978 8060 8394 4071 2627 4185 ', 854, '2021-8-15', null, 0);
insert into tb_nota_fiscal_itens (nf, codigo_item, percentual_icms, valor_icms) values (134387088, 9, 0, 0);
insert into tb_nota_fiscal_itens (nf, codigo_item, percentual_icms, valor_icms) values (134387088, 47, 0, 0);
insert into tb_nota_fiscal_itens (nf, codigo_item, percentual_icms, valor_icms) values (134387088, 48, 0, 0);
insert into tb_nota_fiscal_itens (nf, codigo_item, percentual_icms, valor_icms) values (134387088, 55, 0, 0);
insert into tb_nota_fiscal_itens (nf, codigo_item, percentual_icms, valor_icms) values (134387088, 56, 0, 0);
update tb_nota_fiscal nf
	set valor_total = 151.17
	where nf.nf = 134387088;

insert into tb_nota_fiscal (nf, codigo_pedido, chave_de_acesso, serie, data_emissao, codigo_filial_emissora, valor_total) values 
(477194377, 14, '2299 1127 4493 7584 6459 9918 7127 8926 8330 8212 ', 857, '2021-8-12', null, 0);
insert into tb_nota_fiscal_itens (nf, codigo_item, percentual_icms, valor_icms) values (477194377, 15, 0, 0);
insert into tb_nota_fiscal_itens (nf, codigo_item, percentual_icms, valor_icms) values (477194377, 45, 0, 0);
insert into tb_nota_fiscal_itens (nf, codigo_item, percentual_icms, valor_icms) values (477194377, 54, 0, 0);
insert into tb_nota_fiscal_itens (nf, codigo_item, percentual_icms, valor_icms) values (477194377, 58, 0, 0);
update tb_nota_fiscal nf
	set valor_total = 356.45
	where nf.nf = 477194377;

insert into tb_nota_fiscal (nf, codigo_pedido, chave_de_acesso, serie, data_emissao, codigo_filial_emissora, valor_total) values 
(250529997, 24, '6759 8227 9040 7350 5001 1168 6425 8215 1551 6135 ', 132, '2021-8-10', null, 0);
insert into tb_nota_fiscal_itens (nf, codigo_item, percentual_icms, valor_icms) values (250529997, 6, 0, 0);
insert into tb_nota_fiscal_itens (nf, codigo_item, percentual_icms, valor_icms) values (250529997, 28, 0, 0);
insert into tb_nota_fiscal_itens (nf, codigo_item, percentual_icms, valor_icms) values (250529997, 36, 0, 0);
insert into tb_nota_fiscal_itens (nf, codigo_item, percentual_icms, valor_icms) values (250529997, 39, 0, 0);
update tb_nota_fiscal nf
	set valor_total = 108.95
	where nf.nf = 250529997;

insert into tb_nota_fiscal (nf, codigo_pedido, chave_de_acesso, serie, data_emissao, codigo_filial_emissora, valor_total) values 
(341679816, 25, '6026 4583 1917 3688 8478 6691 5439 9654 9130 6271 ', 754, '2021-8-1', null, 0);
insert into tb_nota_fiscal_itens (nf, codigo_item, percentual_icms, valor_icms) values (341679816, 1, 0, 0);
insert into tb_nota_fiscal_itens (nf, codigo_item, percentual_icms, valor_icms) values (341679816, 7, 0, 0);
insert into tb_nota_fiscal_itens (nf, codigo_item, percentual_icms, valor_icms) values (341679816, 13, 0, 0);
insert into tb_nota_fiscal_itens (nf, codigo_item, percentual_icms, valor_icms) values (341679816, 15, 0, 0);
insert into tb_nota_fiscal_itens (nf, codigo_item, percentual_icms, valor_icms) values (341679816, 21, 0, 0);
update tb_nota_fiscal nf
	set valor_total = 106.9
	where nf.nf = 341679816;

insert into tb_nota_fiscal (nf, codigo_pedido, chave_de_acesso, serie, data_emissao, codigo_filial_emissora, valor_total) values 
(355446264, 8, '1122 1444 7701 4988 3993 3290 3376 7407 3053 7094 ', 916, '2021-8-9', null, 0);
insert into tb_nota_fiscal_itens (nf, codigo_item, percentual_icms, valor_icms) values (355446264, 17, 0, 0);
insert into tb_nota_fiscal_itens (nf, codigo_item, percentual_icms, valor_icms) values (355446264, 18, 0, 0);
insert into tb_nota_fiscal_itens (nf, codigo_item, percentual_icms, valor_icms) values (355446264, 21, 0, 0);
insert into tb_nota_fiscal_itens (nf, codigo_item, percentual_icms, valor_icms) values (355446264, 54, 0, 0);
insert into tb_nota_fiscal_itens (nf, codigo_item, percentual_icms, valor_icms) values (355446264, 58, 0, 0);
update tb_nota_fiscal nf
	set valor_total = 256.13
	where nf.nf = 355446264;

insert into tb_nota_fiscal (nf, codigo_pedido, chave_de_acesso, serie, data_emissao, codigo_filial_emissora, valor_total) values 
(990505380, 5, '1529 8266 3140 2838 9472 5572 6864 5707 3767 8908 ', 686, '2021-8-24', null, 0);
insert into tb_nota_fiscal_itens (nf, codigo_item, percentual_icms, valor_icms) values (990505380, 10, 0, 0);
insert into tb_nota_fiscal_itens (nf, codigo_item, percentual_icms, valor_icms) values (990505380, 32, 0, 0);
insert into tb_nota_fiscal_itens (nf, codigo_item, percentual_icms, valor_icms) values (990505380, 42, 0, 0);
update tb_nota_fiscal nf
	set valor_total = 90.3
	where nf.nf = 990505380;

insert into tb_nota_fiscal (nf, codigo_pedido, chave_de_acesso, serie, data_emissao, codigo_filial_emissora, valor_total) values 
(108281116, 30, '6443 4844 4499 1277 2702 6660 8437 8472 6645 4527 ', 592, '2021-8-2', null, 0);
insert into tb_nota_fiscal_itens (nf, codigo_item, percentual_icms, valor_icms) values (990505380, 17, 0, 0);
update tb_nota_fiscal nf
	set valor_total = 5.18
	where nf.nf = 108281116;

insert into tb_nota_fiscal (nf, codigo_pedido, chave_de_acesso, serie, data_emissao, codigo_filial_emissora, valor_total) values 
(796835362, 23, '9732 9283 5598 6044 3099 9409 5702 2970 1343 4837 ', 463, '2021-8-10', null, 0);
insert into tb_nota_fiscal_itens (nf, codigo_item, percentual_icms, valor_icms) values (796835362, 8, 0, 0);
insert into tb_nota_fiscal_itens (nf, codigo_item, percentual_icms, valor_icms) values (796835362, 14, 0, 0);
insert into tb_nota_fiscal_itens (nf, codigo_item, percentual_icms, valor_icms) values (796835362, 31, 0, 0);
insert into tb_nota_fiscal_itens (nf, codigo_item, percentual_icms, valor_icms) values (796835362, 51, 0, 0);
update tb_nota_fiscal nf
	set valor_total = 466.46
	where nf.nf = 796835362;

insert into tb_nota_fiscal (nf, codigo_pedido, chave_de_acesso, serie, data_emissao, codigo_filial_emissora, valor_total) values 
(837334201, 12, '2915 2291 9000 4087 9766 7980 3837 8831 7043 9545 ', 205, '2021-8-16', null, 0);
insert into tb_nota_fiscal_itens (nf, codigo_item, percentual_icms, valor_icms) values (837334201, 13, 0, 0);
insert into tb_nota_fiscal_itens (nf, codigo_item, percentual_icms, valor_icms) values (837334201, 16, 0, 0);
insert into tb_nota_fiscal_itens (nf, codigo_item, percentual_icms, valor_icms) values (837334201, 22, 0, 0);
insert into tb_nota_fiscal_itens (nf, codigo_item, percentual_icms, valor_icms) values (837334201, 29, 0, 0);
insert into tb_nota_fiscal_itens (nf, codigo_item, percentual_icms, valor_icms) values (837334201, 58, 0, 0);
update tb_nota_fiscal nf
	set valor_total = 42.82
	where nf.nf = 837334201;

insert into tb_nota_fiscal (nf, codigo_pedido, chave_de_acesso, serie, data_emissao, codigo_filial_emissora, valor_total) values 
(206003660, 4, '6045 5719 7277 5205 7537 5574 2544 2006 8294 8540 ', 950, '2021-8-8', null, 0);
insert into tb_nota_fiscal_itens (nf, codigo_item, percentual_icms, valor_icms) values (206003660, 3, 0, 0);
insert into tb_nota_fiscal_itens (nf, codigo_item, percentual_icms, valor_icms) values (206003660, 8, 0, 0);
update tb_nota_fiscal nf
	set valor_total = 14.16
	where nf.nf = 206003660;

insert into tb_nota_fiscal (nf, codigo_pedido, chave_de_acesso, serie, data_emissao, codigo_filial_emissora, valor_total) values 
(818532783, 21, '5438 8922 5332 3392 6171 5046 9334 3512 6696 9771 ', 328, '2021-8-22', null, 0);
insert into tb_nota_fiscal_itens (nf, codigo_item, percentual_icms, valor_icms) values (818532783, 28, 0, 0);
insert into tb_nota_fiscal_itens (nf, codigo_item, percentual_icms, valor_icms) values (818532783, 50, 0, 0);
update tb_nota_fiscal nf
	set valor_total = 83.95
	where nf.nf = 818532783;

insert into tb_nota_fiscal (nf, codigo_pedido, chave_de_acesso, serie, data_emissao, codigo_filial_emissora, valor_total) values 
(341448993, 6, '1420 9405 4805 9079 4596 1719 1809 6125 6862 4043 ', 567, '2021-8-24', null, 0);
insert into tb_nota_fiscal_itens (nf, codigo_item, percentual_icms, valor_icms) values (341448993, 21, 0, 0);
insert into tb_nota_fiscal_itens (nf, codigo_item, percentual_icms, valor_icms) values (341448993, 54, 0, 0);
update tb_nota_fiscal nf
	set valor_total = 50.55
	where nf.nf = 341448993;

insert into tb_nota_fiscal (nf, codigo_pedido, chave_de_acesso, serie, data_emissao, codigo_filial_emissora, valor_total) values 
(106938084, 11, '3710 1998 5089 1705 6494 5154 9854 8066 5863 8943 ', 346, '2021-8-20', null, 0);
insert into tb_nota_fiscal_itens (nf, codigo_item, percentual_icms, valor_icms) values (106938084, 25, 0, 0);
insert into tb_nota_fiscal_itens (nf, codigo_item, percentual_icms, valor_icms) values (106938084, 52, 0, 0);
insert into tb_nota_fiscal_itens (nf, codigo_item, percentual_icms, valor_icms) values (106938084, 56, 0, 0);
update tb_nota_fiscal nf
	set valor_total = 82.72
	where nf.nf = 106938084;

insert into tb_nota_fiscal (nf, codigo_pedido, chave_de_acesso, serie, data_emissao, codigo_filial_emissora, valor_total) values 
(531395058, 27, '8576 1048 2452 4941 8824 2870 3874 6262 4954 6890 ', 883, '2021-8-15', null, 0);
insert into tb_nota_fiscal_itens (nf, codigo_item, percentual_icms, valor_icms) values (531395058, 19, 0, 0);
insert into tb_nota_fiscal_itens (nf, codigo_item, percentual_icms, valor_icms) values (531395058, 31, 0, 0);
insert into tb_nota_fiscal_itens (nf, codigo_item, percentual_icms, valor_icms) values (531395058, 57, 0, 0);
update tb_nota_fiscal nf
	set valor_total = 923.28
	where nf.nf = 531395058;

insert into tb_nota_fiscal (nf, codigo_pedido, chave_de_acesso, serie, data_emissao, codigo_filial_emissora, valor_total) values 
(702710467, 15, '6972 4380 1661 1399 6537 1478 9649 5736 1778 1133 ', 932, '2021-8-22', null, 0);
insert into tb_nota_fiscal_itens (nf, codigo_item, percentual_icms, valor_icms) values (702710467, 7, 0, 0);
insert into tb_nota_fiscal_itens (nf, codigo_item, percentual_icms, valor_icms) values (702710467, 9, 0, 0);
insert into tb_nota_fiscal_itens (nf, codigo_item, percentual_icms, valor_icms) values (702710467, 28, 0, 0);
update tb_nota_fiscal nf
	set valor_total = 23.38
	where nf.nf = 702710467;

insert into tb_nota_fiscal (nf, codigo_pedido, chave_de_acesso, serie, data_emissao, codigo_filial_emissora, valor_total) values 
(330282259, 22, '8350 5916 3853 3770 4421 7708 5388 8202 6770 4033 ', 367, '2021-8-8', null, 0);
insert into tb_nota_fiscal_itens (nf, codigo_item, percentual_icms, valor_icms) values (330282259, 10, 0, 0);
insert into tb_nota_fiscal_itens (nf, codigo_item, percentual_icms, valor_icms) values (330282259, 26, 0, 0);
insert into tb_nota_fiscal_itens (nf, codigo_item, percentual_icms, valor_icms) values (330282259, 48, 0, 0);
update tb_nota_fiscal nf
	set valor_total = 268.81
	where nf.nf = 330282259;

insert into tb_nota_fiscal (nf, codigo_pedido, chave_de_acesso, serie, data_emissao, codigo_filial_emissora, valor_total) values 
(417718812, 29, '5951 8574 6082 4877 9321 8889 7765 2792 9053 3496 ', 311, '2021-8-20', null, 0);
insert into tb_nota_fiscal_itens (nf, codigo_item, percentual_icms, valor_icms) values (417718812, 30, 0, 0);
insert into tb_nota_fiscal_itens (nf, codigo_item, percentual_icms, valor_icms) values (417718812, 42, 0, 0);
insert into tb_nota_fiscal_itens (nf, codigo_item, percentual_icms, valor_icms) values (417718812, 44, 0, 0);
insert into tb_nota_fiscal_itens (nf, codigo_item, percentual_icms, valor_icms) values (417718812, 50, 0, 0);
update tb_nota_fiscal nf
	set valor_total = 68.84
	where nf.nf = 417718812;

insert into tb_nota_fiscal (nf, codigo_pedido, chave_de_acesso, serie, data_emissao, codigo_filial_emissora, valor_total) values 
(761916123, 26, '9330 9121 8249 3002 2868 2232 8509 8624 6491 2868 ', 724, '2021-8-13', null, 0);
insert into tb_nota_fiscal_itens (nf, codigo_item, percentual_icms, valor_icms) values (761916123, 15, 0, 0);
insert into tb_nota_fiscal_itens (nf, codigo_item, percentual_icms, valor_icms) values (761916123, 18, 0, 0);
update tb_nota_fiscal nf
	set valor_total = 145
	where nf.nf = 761916123;

insert into tb_nota_fiscal (nf, codigo_pedido, chave_de_acesso, serie, data_emissao, codigo_filial_emissora, valor_total) values 
(965714313, 3, '2738 5003 3218 1416 8752 9390 5864 2499 6032 1744 ', 134, '2021-8-19', null, 0);
insert into tb_nota_fiscal_itens (nf, codigo_item, percentual_icms, valor_icms) values (965714313, 6, 0, 0);
insert into tb_nota_fiscal_itens (nf, codigo_item, percentual_icms, valor_icms) values (965714313, 7, 0, 0);
update tb_nota_fiscal nf
	set valor_total = 41.9
	where nf.nf = 965714313;

insert into tb_nota_fiscal (nf, codigo_pedido, chave_de_acesso, serie, data_emissao, codigo_filial_emissora, valor_total) values 
(539923511, 18, '6306 8529 1847 2452 2377 2204 4057 3517 6121 4419 ', 856, '2021-8-3', null, 0);
insert into tb_nota_fiscal_itens (nf, codigo_item, percentual_icms, valor_icms) values (539923511, 13, 0, 0);
insert into tb_nota_fiscal_itens (nf, codigo_item, percentual_icms, valor_icms) values (539923511, 18, 0, 0);
insert into tb_nota_fiscal_itens (nf, codigo_item, percentual_icms, valor_icms) values (539923511, 38, 0, 0);
insert into tb_nota_fiscal_itens (nf, codigo_item, percentual_icms, valor_icms) values (539923511, 59, 0, 0);
update tb_nota_fiscal nf
	set valor_total = 228.94
	where nf.nf = 539923511;

insert into tb_nota_fiscal (nf, codigo_pedido, chave_de_acesso, serie, data_emissao, codigo_filial_emissora, valor_total) values 
(690918765, 31, '3310 7537 7339 7407 5034 4096 3173 7913 2946 8272 ', 504, '2021-8-19', null, 0);
insert into tb_nota_fiscal_itens (nf, codigo_item, percentual_icms, valor_icms) values (690918765, 4, 0, 0);
insert into tb_nota_fiscal_itens (nf, codigo_item, percentual_icms, valor_icms) values (690918765, 38, 0, 0);
insert into tb_nota_fiscal_itens (nf, codigo_item, percentual_icms, valor_icms) values (690918765, 10, 0, 0);
update tb_nota_fiscal nf
	set valor_total = 231.12
	where nf.nf = 690918765;

insert into tb_nota_fiscal (nf, codigo_pedido, chave_de_acesso, serie, data_emissao, codigo_filial_emissora, valor_total) values 
(767622488, 32, '2786 5143 5774 6024 4550 9200 6544 6483 4715 2934 ', 247, '2021-8-7', null, 0);
insert into tb_nota_fiscal_itens (nf, codigo_item, percentual_icms, valor_icms) values (767622488, 40, 0, 0);
insert into tb_nota_fiscal_itens (nf, codigo_item, percentual_icms, valor_icms) values (767622488, 53, 0, 0);
update tb_nota_fiscal nf
	set valor_total = 990.84
	where nf.nf = 767622488;

insert into tb_nota_fiscal (nf, codigo_pedido, chave_de_acesso, serie, data_emissao, codigo_filial_emissora, valor_total) values 
(245179936, 33, '1085 9031 2043 1877 4902 4684 9329 8636 4683 9555 ', 628, '2021-8-2', null, 0);
insert into tb_nota_fiscal_itens (nf, codigo_item, percentual_icms, valor_icms) values (245179936, 41, 0, 0);
insert into tb_nota_fiscal_itens (nf, codigo_item, percentual_icms, valor_icms) values (245179936, 59, 0, 0);
update tb_nota_fiscal nf
	set valor_total = 162.79
	where nf.nf = 245179936;

insert into tb_nota_fiscal (nf, codigo_pedido, chave_de_acesso, serie, data_emissao, codigo_filial_emissora, valor_total) values 
(544636687, 34, '3596 1776 8897 6292 2513 3927 3813 4497 5688 8137 ', 166, '2021-8-27', null, 0);
insert into tb_nota_fiscal_itens (nf, codigo_item, percentual_icms, valor_icms) values (544636687, 11, 0, 0);
update tb_nota_fiscal nf
	set valor_total = 99.99
	where nf.nf = 544636687;

insert into tb_nota_fiscal (nf, codigo_pedido, chave_de_acesso, serie, data_emissao, codigo_filial_emissora, valor_total) values 
(378986202, 35, '6357 9503 2353 1313 5549 2488 8861 4844 2215 5171 ', 478, '2021-8-11', null, 0);
insert into tb_nota_fiscal_itens (nf, codigo_item, percentual_icms, valor_icms) values (378986202, 6, 0, 0);
insert into tb_nota_fiscal_itens (nf, codigo_item, percentual_icms, valor_icms) values (378986202, 53, 0, 0);
update tb_nota_fiscal nf
	set valor_total = 935.76
	where nf.nf = 378986202;


-- tb cliente pedido
insert into tb_cliente_pedido (codigo_cliente, codigo_pedido) values (14, 1);
insert into tb_cliente_pedido (codigo_cliente, codigo_pedido) values (49, 2);
insert into tb_cliente_pedido (codigo_cliente, codigo_pedido) values (47, 3);
insert into tb_cliente_pedido (codigo_cliente, codigo_pedido) values (26, 4);
insert into tb_cliente_pedido (codigo_cliente, codigo_pedido) values (33, 5);
insert into tb_cliente_pedido (codigo_cliente, codigo_pedido) values (13, 6);
insert into tb_cliente_pedido (codigo_cliente, codigo_pedido) values (37, 7);
insert into tb_cliente_pedido (codigo_cliente, codigo_pedido) values (33, 8);
insert into tb_cliente_pedido (codigo_cliente, codigo_pedido) values (50, 9);
insert into tb_cliente_pedido (codigo_cliente, codigo_pedido) values (21, 10);
insert into tb_cliente_pedido (codigo_cliente, codigo_pedido) values (45, 11);
insert into tb_cliente_pedido (codigo_cliente, codigo_pedido) values (19, 12);
insert into tb_cliente_pedido (codigo_cliente, codigo_pedido) values (59, 13);
insert into tb_cliente_pedido (codigo_cliente, codigo_pedido) values (4, 14);
insert into tb_cliente_pedido (codigo_cliente, codigo_pedido) values (48, 15);
insert into tb_cliente_pedido (codigo_cliente, codigo_pedido) values (51, 16);
insert into tb_cliente_pedido (codigo_cliente, codigo_pedido) values (33, 17);
insert into tb_cliente_pedido (codigo_cliente, codigo_pedido) values (38, 18);
insert into tb_cliente_pedido (codigo_cliente, codigo_pedido) values (2, 19);
insert into tb_cliente_pedido (codigo_cliente, codigo_pedido) values (57, 20);
insert into tb_cliente_pedido (codigo_cliente, codigo_pedido) values (42, 21);
insert into tb_cliente_pedido (codigo_cliente, codigo_pedido) values (41, 22);
insert into tb_cliente_pedido (codigo_cliente, codigo_pedido) values (3, 23);
insert into tb_cliente_pedido (codigo_cliente, codigo_pedido) values (35, 24);
insert into tb_cliente_pedido (codigo_cliente, codigo_pedido) values (11, 25);
insert into tb_cliente_pedido (codigo_cliente, codigo_pedido) values (33, 26);
insert into tb_cliente_pedido (codigo_cliente, codigo_pedido) values (49, 27);
insert into tb_cliente_pedido (codigo_cliente, codigo_pedido) values (53, 28);
insert into tb_cliente_pedido (codigo_cliente, codigo_pedido) values (29, 29);
insert into tb_cliente_pedido (codigo_cliente, codigo_pedido) values (18, 30);
insert into tb_cliente_pedido (codigo_cliente, codigo_pedido) values (18, 31);
insert into tb_cliente_pedido (codigo_cliente, codigo_pedido) values (18, 32);
insert into tb_cliente_pedido (codigo_cliente, codigo_pedido) values (3, 33);
insert into tb_cliente_pedido (codigo_cliente, codigo_pedido) values (53, 34);
insert into tb_cliente_pedido (codigo_cliente, codigo_pedido) values (53, 35);

-- tb cliente_telefone
insert into tb_cliente_telefone (codigo_cliente, codigo_telefone, descricao_telefone) values (39, 1, 'CEL.');
insert into tb_cliente_telefone (codigo_cliente, codigo_telefone, descricao_telefone) values (1, 2, 'CASA');
insert into tb_cliente_telefone (codigo_cliente, codigo_telefone, descricao_telefone) values (43, 3, 'CEL.');
insert into tb_cliente_telefone (codigo_cliente, codigo_telefone, descricao_telefone) values (5, 4, null);
insert into tb_cliente_telefone (codigo_cliente, codigo_telefone, descricao_telefone) values (37, 5, null);
insert into tb_cliente_telefone (codigo_cliente, codigo_telefone, descricao_telefone) values (58, 6, 'CASA');
insert into tb_cliente_telefone (codigo_cliente, codigo_telefone, descricao_telefone) values (44, 7, null);
insert into tb_cliente_telefone (codigo_cliente, codigo_telefone, descricao_telefone) values (20, 8, null);
insert into tb_cliente_telefone (codigo_cliente, codigo_telefone, descricao_telefone) values (3, 9, null);
insert into tb_cliente_telefone (codigo_cliente, codigo_telefone, descricao_telefone) values (18, 10, null);
insert into tb_cliente_telefone (codigo_cliente, codigo_telefone, descricao_telefone) values (45, 11, 'CASA');
insert into tb_cliente_telefone (codigo_cliente, codigo_telefone, descricao_telefone) values (12, 12, null);
insert into tb_cliente_telefone (codigo_cliente, codigo_telefone, descricao_telefone) values (27, 13, null);
insert into tb_cliente_telefone (codigo_cliente, codigo_telefone, descricao_telefone) values (8, 14, null);
insert into tb_cliente_telefone (codigo_cliente, codigo_telefone, descricao_telefone) values (28, 15, 'CASA');
insert into tb_cliente_telefone (codigo_cliente, codigo_telefone, descricao_telefone) values (35, 16, null);
insert into tb_cliente_telefone (codigo_cliente, codigo_telefone, descricao_telefone) values (49, 17, null);
insert into tb_cliente_telefone (codigo_cliente, codigo_telefone, descricao_telefone) values (48, 18, null);
insert into tb_cliente_telefone (codigo_cliente, codigo_telefone, descricao_telefone) values (55, 19, null);
insert into tb_cliente_telefone (codigo_cliente, codigo_telefone, descricao_telefone) values (47, 20, null);
insert into tb_cliente_telefone (codigo_cliente, codigo_telefone, descricao_telefone) values (33, 21, null);
insert into tb_cliente_telefone (codigo_cliente, codigo_telefone, descricao_telefone) values (13, 22, null);
insert into tb_cliente_telefone (codigo_cliente, codigo_telefone, descricao_telefone) values (13, 23, 'CEL.');
insert into tb_cliente_telefone (codigo_cliente, codigo_telefone, descricao_telefone) values (20, 24, null);
insert into tb_cliente_telefone (codigo_cliente, codigo_telefone, descricao_telefone) values (48, 25, 'CEL.');
insert into tb_cliente_telefone (codigo_cliente, codigo_telefone, descricao_telefone) values (25, 26, 'CEL.');
insert into tb_cliente_telefone (codigo_cliente, codigo_telefone, descricao_telefone) values (46, 27, 'CEL.');
insert into tb_cliente_telefone (codigo_cliente, codigo_telefone, descricao_telefone) values (52, 28, null);
insert into tb_cliente_telefone (codigo_cliente, codigo_telefone, descricao_telefone) values (54, 29, null);
insert into tb_cliente_telefone (codigo_cliente, codigo_telefone, descricao_telefone) values (54, 30, 'CEL.');
insert into tb_cliente_telefone (codigo_cliente, codigo_telefone, descricao_telefone) values (3, 31, 'CASA');
insert into tb_cliente_telefone (codigo_cliente, codigo_telefone, descricao_telefone) values (31, 32, null);
insert into tb_cliente_telefone (codigo_cliente, codigo_telefone, descricao_telefone) values (8, 33, 'CASA');
insert into tb_cliente_telefone (codigo_cliente, codigo_telefone, descricao_telefone) values (45, 34, 'TRABALHO');
insert into tb_cliente_telefone (codigo_cliente, codigo_telefone, descricao_telefone) values (5, 35, null);
insert into tb_cliente_telefone (codigo_cliente, codigo_telefone, descricao_telefone) values (51, 36, null);
insert into tb_cliente_telefone (codigo_cliente, codigo_telefone, descricao_telefone) values (35, 37, 'CELULAR');
insert into tb_cliente_telefone (codigo_cliente, codigo_telefone, descricao_telefone) values (40, 38, 'CASA');
insert into tb_cliente_telefone (codigo_cliente, codigo_telefone, descricao_telefone) values (26, 39, null);
insert into tb_cliente_telefone (codigo_cliente, codigo_telefone, descricao_telefone) values (22, 40, 'TRABALHO');
insert into tb_cliente_telefone (codigo_cliente, codigo_telefone, descricao_telefone) values (41, 41, null);
insert into tb_cliente_telefone (codigo_cliente, codigo_telefone, descricao_telefone) values (29, 42, null);
insert into tb_cliente_telefone (codigo_cliente, codigo_telefone, descricao_telefone) values (21, 43, 'CELULAR');
insert into tb_cliente_telefone (codigo_cliente, codigo_telefone, descricao_telefone) values (7, 44, null);
insert into tb_cliente_telefone (codigo_cliente, codigo_telefone, descricao_telefone) values (52, 45, null);
insert into tb_cliente_telefone (codigo_cliente, codigo_telefone, descricao_telefone) values (35, 46, null);
insert into tb_cliente_telefone (codigo_cliente, codigo_telefone, descricao_telefone) values (20, 47, null);
insert into tb_cliente_telefone (codigo_cliente, codigo_telefone, descricao_telefone) values (51, 48, 'CELULAR');
insert into tb_cliente_telefone (codigo_cliente, codigo_telefone, descricao_telefone) values (29, 49, null);
insert into tb_cliente_telefone (codigo_cliente, codigo_telefone, descricao_telefone) values (21, 50, null);
insert into tb_cliente_telefone (codigo_cliente, codigo_telefone, descricao_telefone) values (56, 51, null);
insert into tb_cliente_telefone (codigo_cliente, codigo_telefone, descricao_telefone) values (19, 52, null);
insert into tb_cliente_telefone (codigo_cliente, codigo_telefone, descricao_telefone) values (17, 53, null);
insert into tb_cliente_telefone (codigo_cliente, codigo_telefone, descricao_telefone) values (30, 54, null);
insert into tb_cliente_telefone (codigo_cliente, codigo_telefone, descricao_telefone) values (11, 55, 'CASA');
insert into tb_cliente_telefone (codigo_cliente, codigo_telefone, descricao_telefone) values (21, 56, 'CEL.');
insert into tb_cliente_telefone (codigo_cliente, codigo_telefone, descricao_telefone) values (44, 57, null);
insert into tb_cliente_telefone (codigo_cliente, codigo_telefone, descricao_telefone) values (31, 58, 'CASA');
insert into tb_cliente_telefone (codigo_cliente, codigo_telefone, descricao_telefone) values (27, 59, null);
insert into tb_cliente_telefone (codigo_cliente, codigo_telefone, descricao_telefone) values (28, 60, null);
insert into tb_cliente_telefone (codigo_cliente, codigo_telefone, descricao_telefone) values (54, 61, null);
insert into tb_cliente_telefone (codigo_cliente, codigo_telefone, descricao_telefone) values (53, 62, 'CELULAR');
insert into tb_cliente_telefone (codigo_cliente, codigo_telefone, descricao_telefone) values (55, 63, 'CASA');
insert into tb_cliente_telefone (codigo_cliente, codigo_telefone, descricao_telefone) values (19, 64, 'CASA');
insert into tb_cliente_telefone (codigo_cliente, codigo_telefone, descricao_telefone) values (41, 65, null);
insert into tb_cliente_telefone (codigo_cliente, codigo_telefone, descricao_telefone) values (33, 66, null);
insert into tb_cliente_telefone (codigo_cliente, codigo_telefone, descricao_telefone) values (52, 67, null);
insert into tb_cliente_telefone (codigo_cliente, codigo_telefone, descricao_telefone) values (11, 68, 'CEL.');
insert into tb_cliente_telefone (codigo_cliente, codigo_telefone, descricao_telefone) values (11, 69, null);
insert into tb_cliente_telefone (codigo_cliente, codigo_telefone, descricao_telefone) values (56, 70, null);