use bd_trabalho;

-- tb_uf
insert into tb_uf (codigo_uf, sigla_uf) values (1,'AC');
insert into tb_uf (codigo_uf, sigla_uf) values (2,'AL');
insert into tb_uf (codigo_uf, sigla_uf) values (3,'AP');
insert into tb_uf (codigo_uf, sigla_uf) values (4,'AM');
insert into tb_uf (codigo_uf, sigla_uf) values (5,'BA');
insert into tb_uf (codigo_uf, sigla_uf) values (6,'CE');
insert into tb_uf (codigo_uf, sigla_uf) values (7,'DF');
insert into tb_uf (codigo_uf, sigla_uf) values (8,'ES');
insert into tb_uf (codigo_uf, sigla_uf) values (9,'GO');
insert into tb_uf (codigo_uf, sigla_uf) values (10,'MA');
insert into tb_uf (codigo_uf, sigla_uf) values (11,'MT');
insert into tb_uf (codigo_uf, sigla_uf) values (12,'MS');
insert into tb_uf (codigo_uf, sigla_uf) values (13,'MG');
insert into tb_uf (codigo_uf, sigla_uf) values (14,'PA');
insert into tb_uf (codigo_uf, sigla_uf) values (15,'PB');
insert into tb_uf (codigo_uf, sigla_uf) values (16,'PR');
insert into tb_uf (codigo_uf, sigla_uf) values (17,'PE');
insert into tb_uf (codigo_uf, sigla_uf) values (18,'PI');
insert into tb_uf (codigo_uf, sigla_uf) values (19,'RJ');
insert into tb_uf (codigo_uf, sigla_uf) values (20,'RN');
insert into tb_uf (codigo_uf, sigla_uf) values (21,'RS');
insert into tb_uf (codigo_uf, sigla_uf) values (22,'RO');
insert into tb_uf (codigo_uf, sigla_uf) values (23,'RR');
insert into tb_uf (codigo_uf, sigla_uf) values (24,'SC');
insert into tb_uf (codigo_uf, sigla_uf) values (25,'SP');
insert into tb_uf (codigo_uf, sigla_uf) values (26,'SE');
insert into tb_uf (codigo_uf, sigla_uf) values (27,'TO');

-- tb_cidade
insert into tb_cidade (codigo_cidade, nome_cidade) values (1,'São Paulo');
insert into tb_cidade (codigo_cidade, nome_cidade) values (2,'São Bernardo do Campo');
insert into tb_cidade (codigo_cidade, nome_cidade) values (3,'Santo André');
insert into tb_cidade (codigo_cidade, nome_cidade) values (4,'Guarulhos');
insert into tb_cidade (codigo_cidade, nome_cidade) values (5,'Diadema');
insert into tb_cidade (codigo_cidade, nome_cidade) values (6,'São Caetano do Sul');
insert into tb_cidade (codigo_cidade, nome_cidade) values (7,'Barueri');
insert into tb_cidade (codigo_cidade, nome_cidade) values (8,'Franco da Rocha');
insert into tb_cidade (codigo_cidade, nome_cidade) values (9,'Santos');
insert into tb_cidade (codigo_cidade, nome_cidade) values (10,'Peruíbe');
insert into tb_cidade (codigo_cidade, nome_cidade) values (11,'São Vicente');
insert into tb_cidade (codigo_cidade, nome_cidade) values (12,'Guarujá');
insert into tb_cidade (codigo_cidade, nome_cidade) values (13,'Bertioga');
insert into tb_cidade (codigo_cidade, nome_cidade) values (14,'Cubatão');
insert into tb_cidade (codigo_cidade, nome_cidade) values (15,'Belo Horizonte');
insert into tb_cidade (codigo_cidade, nome_cidade) values (16,'Rio de Janeiro');
insert into tb_cidade (codigo_cidade, nome_cidade) values (17,'Vitória');
insert into tb_cidade (codigo_cidade, nome_cidade) values (18,'Curitiba');
insert into tb_cidade (codigo_cidade, nome_cidade) values (19,'Porto Alegre');
insert into tb_cidade (codigo_cidade, nome_cidade) values (20,'Florianópolis');
insert into tb_cidade (codigo_cidade, nome_cidade) values (21,'Cuiabá');
insert into tb_cidade (codigo_cidade, nome_cidade) values (22,'Campo Grande');
insert into tb_cidade (codigo_cidade, nome_cidade) values (23,'Goiânia');
insert into tb_cidade (codigo_cidade, nome_cidade) values (24,'Brasília');
insert into tb_cidade (codigo_cidade, nome_cidade) values (25,'Palmas');
insert into tb_cidade (codigo_cidade, nome_cidade) values (26,'Salvador');
insert into tb_cidade (codigo_cidade, nome_cidade) values (27,'Aracaju');
insert into tb_cidade (codigo_cidade, nome_cidade) values (28,'Recife');
insert into tb_cidade (codigo_cidade, nome_cidade) values (29,'Teresina');
insert into tb_cidade (codigo_cidade, nome_cidade) values (30,'Maceió');
insert into tb_cidade (codigo_cidade, nome_cidade) values (31,'João Pessoa');
insert into tb_cidade (codigo_cidade, nome_cidade) values (32,'São Luís');
insert into tb_cidade (codigo_cidade, nome_cidade) values (33,'Natal');
insert into tb_cidade (codigo_cidade, nome_cidade) values (34,'Fortaleza');
insert into tb_cidade (codigo_cidade, nome_cidade) values (35,'Manaus');
insert into tb_cidade (codigo_cidade, nome_cidade) values (36,'Belém');
insert into tb_cidade (codigo_cidade, nome_cidade) values (37,'Rio Branco');
insert into tb_cidade (codigo_cidade, nome_cidade) values (38,'Macapá');
insert into tb_cidade (codigo_cidade, nome_cidade) values (39,'Porto Velho');
insert into tb_cidade (codigo_cidade, nome_cidade) values (40,'Boa Vista');

-- tb_ddd
insert into tb_ddd (codigo_ddd, ddd) values (1,'11');
insert into tb_ddd (codigo_ddd, ddd) values (2,'12');
insert into tb_ddd (codigo_ddd, ddd) values (3,'13');
insert into tb_ddd (codigo_ddd, ddd) values (4,'14');
insert into tb_ddd (codigo_ddd, ddd) values (5,'15');
insert into tb_ddd (codigo_ddd, ddd) values (6,'16');
insert into tb_ddd (codigo_ddd, ddd) values (7,'17');
insert into tb_ddd (codigo_ddd, ddd) values (8,'18');
insert into tb_ddd (codigo_ddd, ddd) values (9,'19');
insert into tb_ddd (codigo_ddd, ddd) values (10,'21');
insert into tb_ddd (codigo_ddd, ddd) values (11,'22');
insert into tb_ddd (codigo_ddd, ddd) values (12,'24');
insert into tb_ddd (codigo_ddd, ddd) values (13,'27');
insert into tb_ddd (codigo_ddd, ddd) values (14,'28');
insert into tb_ddd (codigo_ddd, ddd) values (15,'31');
insert into tb_ddd (codigo_ddd, ddd) values (16,'32');
insert into tb_ddd (codigo_ddd, ddd) values (17,'33');
insert into tb_ddd (codigo_ddd, ddd) values (18,'34');
insert into tb_ddd (codigo_ddd, ddd) values (19,'35');
insert into tb_ddd (codigo_ddd, ddd) values (20,'37');
insert into tb_ddd (codigo_ddd, ddd) values (21,'38');
insert into tb_ddd (codigo_ddd, ddd) values (22,'41');
insert into tb_ddd (codigo_ddd, ddd) values (23,'42');
insert into tb_ddd (codigo_ddd, ddd) values (24,'43');
insert into tb_ddd (codigo_ddd, ddd) values (25,'44');
insert into tb_ddd (codigo_ddd, ddd) values (26,'45');
insert into tb_ddd (codigo_ddd, ddd) values (27,'46');
insert into tb_ddd (codigo_ddd, ddd) values (28,'47');
insert into tb_ddd (codigo_ddd, ddd) values (29,'48');
insert into tb_ddd (codigo_ddd, ddd) values (30,'49');
insert into tb_ddd (codigo_ddd, ddd) values (31,'51');
insert into tb_ddd (codigo_ddd, ddd) values (32,'53');
insert into tb_ddd (codigo_ddd, ddd) values (33,'54');
insert into tb_ddd (codigo_ddd, ddd) values (34,'55');
insert into tb_ddd (codigo_ddd, ddd) values (35,'61');
insert into tb_ddd (codigo_ddd, ddd) values (36,'62');
insert into tb_ddd (codigo_ddd, ddd) values (37,'63');
insert into tb_ddd (codigo_ddd, ddd) values (38,'64');
insert into tb_ddd (codigo_ddd, ddd) values (39,'65');
insert into tb_ddd (codigo_ddd, ddd) values (40,'66');
insert into tb_ddd (codigo_ddd, ddd) values (41,'67');
insert into tb_ddd (codigo_ddd, ddd) values (42,'68');
insert into tb_ddd (codigo_ddd, ddd) values (43,'69');
insert into tb_ddd (codigo_ddd, ddd) values (44,'71');
insert into tb_ddd (codigo_ddd, ddd) values (45,'73');
insert into tb_ddd (codigo_ddd, ddd) values (46,'74');
insert into tb_ddd (codigo_ddd, ddd) values (47,'75');
insert into tb_ddd (codigo_ddd, ddd) values (48,'77');
insert into tb_ddd (codigo_ddd, ddd) values (49,'79');
insert into tb_ddd (codigo_ddd, ddd) values (50,'81');
insert into tb_ddd (codigo_ddd, ddd) values (51,'82');
insert into tb_ddd (codigo_ddd, ddd) values (52,'83');
insert into tb_ddd (codigo_ddd, ddd) values (53,'84');
insert into tb_ddd (codigo_ddd, ddd) values (54,'85');
insert into tb_ddd (codigo_ddd, ddd) values (55,'86');
insert into tb_ddd (codigo_ddd, ddd) values (56,'87');
insert into tb_ddd (codigo_ddd, ddd) values (57,'88');
insert into tb_ddd (codigo_ddd, ddd) values (58,'89');
insert into tb_ddd (codigo_ddd, ddd) values (59,'91');
insert into tb_ddd (codigo_ddd, ddd) values (60,'92');
insert into tb_ddd (codigo_ddd, ddd) values (61,'93');
insert into tb_ddd (codigo_ddd, ddd) values (62,'94');
insert into tb_ddd (codigo_ddd, ddd) values (63,'95');
insert into tb_ddd (codigo_ddd, ddd) values (64,'96');
insert into tb_ddd (codigo_ddd, ddd) values (65,'97');
insert into tb_ddd (codigo_ddd, ddd) values (66,'98');
insert into tb_ddd (codigo_ddd, ddd) values (67,'99');

-- tb_ddi
insert into tb_ddi (codigo_ddi, ddi) values (1,'+49');
insert into tb_ddi (codigo_ddi, ddi) values (2,'+54');
insert into tb_ddi (codigo_ddi, ddi) values (3,'+55');
insert into tb_ddi (codigo_ddi, ddi) values (4,'+1');
insert into tb_ddi (codigo_ddi, ddi) values (5,'+33');
insert into tb_ddi (codigo_ddi, ddi) values (6,'+81');
insert into tb_ddi (codigo_ddi, ddi) values (7,'+595');
insert into tb_ddi (codigo_ddi, ddi) values (8,'+44');
insert into tb_ddi (codigo_ddi, ddi) values (9,'+598');
insert into tb_ddi (codigo_ddi, ddi) values (10,'+58');
insert into tb_ddi (codigo_ddi, ddi) values (11,'+244');
insert into tb_ddi (codigo_ddi, ddi) values (12,'+52');
insert into tb_ddi (codigo_ddi, ddi) values (13,'+27');
insert into tb_ddi (codigo_ddi, ddi) values (14,'+56');
insert into tb_ddi (codigo_ddi, ddi) values (15,'+57');

-- tb_pais
insert into tb_pais (codigo_pais, nome_pais) values (1,'Alemanha');
insert into tb_pais (codigo_pais, nome_pais) values (2,'Argentina');
insert into tb_pais (codigo_pais, nome_pais) values (3,'Brasil');
insert into tb_pais (codigo_pais, nome_pais) values (4,'EUA');
insert into tb_pais (codigo_pais, nome_pais) values (5,'França');
insert into tb_pais (codigo_pais, nome_pais) values (6,'Japão');
insert into tb_pais (codigo_pais, nome_pais) values (7,'Paraguai');
insert into tb_pais (codigo_pais, nome_pais) values (8,'Reino Unido');
insert into tb_pais (codigo_pais, nome_pais) values (9,'Uruguai');
insert into tb_pais (codigo_pais, nome_pais) values (10,'Venezuela');
insert into tb_pais (codigo_pais, nome_pais) values (11,'Angola');
insert into tb_pais (codigo_pais, nome_pais) values (12,'México');
insert into tb_pais (codigo_pais, nome_pais) values (13,'África do Sul');
insert into tb_pais (codigo_pais, nome_pais) values (14,'Chile');
insert into tb_pais (codigo_pais, nome_pais) values (15,'Colômbia');


-- tb_tipo_documento
insert into tb_tipo_documento (codigo_tipo_documento, descricao_tipo_documento) values (1, 'Carteira de Registro Nacional Migratório');
insert into tb_tipo_documento (codigo_tipo_documento, descricao_tipo_documento) values (2, 'Passaporte');
insert into tb_tipo_documento (codigo_tipo_documento, descricao_tipo_documento) values (3, 'Seguro Social');
insert into tb_tipo_documento (codigo_tipo_documento, descricao_tipo_documento) values (4, 'Certidão de Nascimento');
insert into tb_tipo_documento (codigo_tipo_documento, descricao_tipo_documento) values (5, 'Carteira de Habilitação para Motorista');
insert into tb_tipo_documento (codigo_tipo_documento, descricao_tipo_documento) values (6, 'Carteira de Trabalho e Previdência Social');

-- tb_genero
insert into tb_genero (codigo_genero, descricao_genero) values (1, 'Feminino');
insert into tb_genero (codigo_genero, descricao_genero) values (2, 'Masculino');
insert into tb_genero (codigo_genero, descricao_genero) values (3, 'Não-binário');
insert into tb_genero (codigo_genero, descricao_genero) values (4, 'Agênero');
insert into tb_genero (codigo_genero, descricao_genero) values (5, 'Pessoa trans');

-- tb_status_do_pedido
insert into tb_status_do_pedido (codigo_status_do_pedido, descricao_status) values (1, 'Aguardando pagamento');
insert into tb_status_do_pedido (codigo_status_do_pedido, descricao_status) values (2, 'Pagamento confirmado');
insert into tb_status_do_pedido (codigo_status_do_pedido, descricao_status) values (3, 'Em separação');
insert into tb_status_do_pedido (codigo_status_do_pedido, descricao_status) values (4, 'Pedido enviado');
insert into tb_status_do_pedido (codigo_status_do_pedido, descricao_status) values (5, 'Pedido concluído');

-- tb_categoria
insert into tb_categoria (codigo_categoria, descricao_categoria) values (1, 'Higiene e Limpeza');
insert into tb_categoria (codigo_categoria, descricao_categoria) values (2, 'Perecíveis');
insert into tb_categoria (codigo_categoria, descricao_categoria) values (3, 'Não Perecíveis');

-- tb_telefone
-- celular brasil
insert into tb_telefone (codigo_telefone, codigo_ddi, codigo_ddd, telefone, flag_whatsapp) values (0, 3, 23, 938683226, 1);
insert into tb_telefone (codigo_telefone, codigo_ddi, codigo_ddd, telefone, flag_whatsapp) values (1, 3, 36, 985953825, 0);
insert into tb_telefone (codigo_telefone, codigo_ddi, codigo_ddd, telefone, flag_whatsapp) values (2, 3, 24, 979378559, 0);
insert into tb_telefone (codigo_telefone, codigo_ddi, codigo_ddd, telefone, flag_whatsapp) values (3, 3, 59, 936771554, 0);
insert into tb_telefone (codigo_telefone, codigo_ddi, codigo_ddd, telefone, flag_whatsapp) values (4, 3, 35, 969541049, 0);
insert into tb_telefone (codigo_telefone, codigo_ddi, codigo_ddd, telefone, flag_whatsapp) values (5, 3, 9, 972583235, 1);
insert into tb_telefone (codigo_telefone, codigo_ddi, codigo_ddd, telefone, flag_whatsapp) values (6, 3, 37, 979784828, 1);
insert into tb_telefone (codigo_telefone, codigo_ddi, codigo_ddd, telefone, flag_whatsapp) values (7, 3, 41, 956842342, 0);
insert into tb_telefone (codigo_telefone, codigo_ddi, codigo_ddd, telefone, flag_whatsapp) values (8, 3, 47, 939489566, 1);
insert into tb_telefone (codigo_telefone, codigo_ddi, codigo_ddd, telefone, flag_whatsapp) values (9, 3, 41, 915905553, 1);
insert into tb_telefone (codigo_telefone, codigo_ddi, codigo_ddd, telefone, flag_whatsapp) values (10, 3, 13, 929129567, 0);
insert into tb_telefone (codigo_telefone, codigo_ddi, codigo_ddd, telefone, flag_whatsapp) values (11, 3, 60, 926828370, 1);
insert into tb_telefone (codigo_telefone, codigo_ddi, codigo_ddd, telefone, flag_whatsapp) values (12, 3, 24, 972992366, 1);
insert into tb_telefone (codigo_telefone, codigo_ddi, codigo_ddd, telefone, flag_whatsapp) values (13, 3, 47, 938023070, 0);
insert into tb_telefone (codigo_telefone, codigo_ddi, codigo_ddd, telefone, flag_whatsapp) values (14, 3, 64, 996363819, 1);
insert into tb_telefone (codigo_telefone, codigo_ddi, codigo_ddd, telefone, flag_whatsapp) values (15, 3, 27, 990297734, 0);
insert into tb_telefone (codigo_telefone, codigo_ddi, codigo_ddd, telefone, flag_whatsapp) values (16, 3, 67, 983385688, 1);
insert into tb_telefone (codigo_telefone, codigo_ddi, codigo_ddd, telefone, flag_whatsapp) values (17, 3, 19, 992488860, 0);
insert into tb_telefone (codigo_telefone, codigo_ddi, codigo_ddd, telefone, flag_whatsapp) values (18, 3, 44, 940449056, 0);
insert into tb_telefone (codigo_telefone, codigo_ddi, codigo_ddd, telefone, flag_whatsapp) values (19, 3, 30, 953734577, 1);
insert into tb_telefone (codigo_telefone, codigo_ddi, codigo_ddd, telefone, flag_whatsapp) values (20, 3, 63, 926916073, 0);
-- celular sp
insert into tb_telefone (codigo_telefone, codigo_ddi, codigo_ddd, telefone, flag_whatsapp) values (21, 3, 1, 923917018, 0);
insert into tb_telefone (codigo_telefone, codigo_ddi, codigo_ddd, telefone, flag_whatsapp) values (22, 3, 1, 915486653, 0);
insert into tb_telefone (codigo_telefone, codigo_ddi, codigo_ddd, telefone, flag_whatsapp) values (23, 3, 1, 918722189, 0);
insert into tb_telefone (codigo_telefone, codigo_ddi, codigo_ddd, telefone, flag_whatsapp) values (24, 3, 1, 919357285, 1);
insert into tb_telefone (codigo_telefone, codigo_ddi, codigo_ddd, telefone, flag_whatsapp) values (25, 3, 1, 972753652, 0);
insert into tb_telefone (codigo_telefone, codigo_ddi, codigo_ddd, telefone, flag_whatsapp) values (26, 3, 1, 951003741, 1);
insert into tb_telefone (codigo_telefone, codigo_ddi, codigo_ddd, telefone, flag_whatsapp) values (27, 3, 1, 964855639, 0);
insert into tb_telefone (codigo_telefone, codigo_ddi, codigo_ddd, telefone, flag_whatsapp) values (28, 3, 1, 925121753, 1);
insert into tb_telefone (codigo_telefone, codigo_ddi, codigo_ddd, telefone, flag_whatsapp) values (29, 3, 1, 920372077, 1);
insert into tb_telefone (codigo_telefone, codigo_ddi, codigo_ddd, telefone, flag_whatsapp) values (30, 3, 1, 984504236, 0);
insert into tb_telefone (codigo_telefone, codigo_ddi, codigo_ddd, telefone, flag_whatsapp) values (31, 3, 1, 959707687, 1);
insert into tb_telefone (codigo_telefone, codigo_ddi, codigo_ddd, telefone, flag_whatsapp) values (32, 3, 1, 998736857, 1);
insert into tb_telefone (codigo_telefone, codigo_ddi, codigo_ddd, telefone, flag_whatsapp) values (33, 3, 1, 991677938, 1);
insert into tb_telefone (codigo_telefone, codigo_ddi, codigo_ddd, telefone, flag_whatsapp) values (34, 3, 1, 914106787, 0);
insert into tb_telefone (codigo_telefone, codigo_ddi, codigo_ddd, telefone, flag_whatsapp) values (35, 3, 1, 954902615, 0);
insert into tb_telefone (codigo_telefone, codigo_ddi, codigo_ddd, telefone, flag_whatsapp) values (36, 3, 1, 944045473, 0);
insert into tb_telefone (codigo_telefone, codigo_ddi, codigo_ddd, telefone, flag_whatsapp) values (37, 3, 1, 925035157, 0);
insert into tb_telefone (codigo_telefone, codigo_ddi, codigo_ddd, telefone, flag_whatsapp) values (38, 3, 1, 974752576, 0);
insert into tb_telefone (codigo_telefone, codigo_ddi, codigo_ddd, telefone, flag_whatsapp) values (39, 3, 1, 929023297, 0);
insert into tb_telefone (codigo_telefone, codigo_ddi, codigo_ddd, telefone, flag_whatsapp) values (40, 3, 1, 972907015, 0);
insert into tb_telefone (codigo_telefone, codigo_ddi, codigo_ddd, telefone, flag_whatsapp) values (41, 3, 1, 961386858, 1);
insert into tb_telefone (codigo_telefone, codigo_ddi, codigo_ddd, telefone, flag_whatsapp) values (42, 3, 1, 930918349, 1);
insert into tb_telefone (codigo_telefone, codigo_ddi, codigo_ddd, telefone, flag_whatsapp) values (43, 3, 1, 980873965, 1);
insert into tb_telefone (codigo_telefone, codigo_ddi, codigo_ddd, telefone, flag_whatsapp) values (44, 3, 1, 925026414, 0);
insert into tb_telefone (codigo_telefone, codigo_ddi, codigo_ddd, telefone, flag_whatsapp) values (45, 3, 1, 978256670, 1);
insert into tb_telefone (codigo_telefone, codigo_ddi, codigo_ddd, telefone, flag_whatsapp) values (46, 3, 1, 965901245, 1);
insert into tb_telefone (codigo_telefone, codigo_ddi, codigo_ddd, telefone, flag_whatsapp) values (47, 3, 1, 922900237, 0);
insert into tb_telefone (codigo_telefone, codigo_ddi, codigo_ddd, telefone, flag_whatsapp) values (48, 3, 1, 972677748, 1);
insert into tb_telefone (codigo_telefone, codigo_ddi, codigo_ddd, telefone, flag_whatsapp) values (49, 3, 1, 951758413, 1);
insert into tb_telefone (codigo_telefone, codigo_ddi, codigo_ddd, telefone, flag_whatsapp) values (50, 3, 1, 953614914, 1);
-- tel fixo sp
insert into tb_telefone (codigo_telefone, codigo_ddi, codigo_ddd, telefone, flag_whatsapp) values (51, 3, 1, 48685957, 0);
insert into tb_telefone (codigo_telefone, codigo_ddi, codigo_ddd, telefone, flag_whatsapp) values (52, 3, 1, 36114453, 0);
insert into tb_telefone (codigo_telefone, codigo_ddi, codigo_ddd, telefone, flag_whatsapp) values (53, 3, 1, 90671541, 0);
insert into tb_telefone (codigo_telefone, codigo_ddi, codigo_ddd, telefone, flag_whatsapp) values (54, 3, 1, 22390620, 0);
insert into tb_telefone (codigo_telefone, codigo_ddi, codigo_ddd, telefone, flag_whatsapp) values (55, 3, 1, 30988875, 0);
insert into tb_telefone (codigo_telefone, codigo_ddi, codigo_ddd, telefone, flag_whatsapp) values (56, 3, 1, 18480082, 0);
insert into tb_telefone (codigo_telefone, codigo_ddi, codigo_ddd, telefone, flag_whatsapp) values (57, 3, 1, 28526447, 0);
insert into tb_telefone (codigo_telefone, codigo_ddi, codigo_ddd, telefone, flag_whatsapp) values (58, 3, 1, 19897428, 0);
insert into tb_telefone (codigo_telefone, codigo_ddi, codigo_ddd, telefone, flag_whatsapp) values (59, 3, 1, 19728889, 0);
insert into tb_telefone (codigo_telefone, codigo_ddi, codigo_ddd, telefone, flag_whatsapp) values (60, 3, 1, 65697502, 0);
insert into tb_telefone (codigo_telefone, codigo_ddi, codigo_ddd, telefone, flag_whatsapp) values (61, 3, 1, 69593385, 0);
insert into tb_telefone (codigo_telefone, codigo_ddi, codigo_ddd, telefone, flag_whatsapp) values (62, 3, 1, 43961983, 0);
insert into tb_telefone (codigo_telefone, codigo_ddi, codigo_ddd, telefone, flag_whatsapp) values (63, 3, 1, 63590828, 0);
insert into tb_telefone (codigo_telefone, codigo_ddi, codigo_ddd, telefone, flag_whatsapp) values (64, 3, 1, 82203609, 0);
insert into tb_telefone (codigo_telefone, codigo_ddi, codigo_ddd, telefone, flag_whatsapp) values (65, 3, 1, 70116489, 0);
insert into tb_telefone (codigo_telefone, codigo_ddi, codigo_ddd, telefone, flag_whatsapp) values (66, 3, 1, 51989199, 0);
insert into tb_telefone (codigo_telefone, codigo_ddi, codigo_ddd, telefone, flag_whatsapp) values (67, 3, 1, 44059834, 0);
insert into tb_telefone (codigo_telefone, codigo_ddi, codigo_ddd, telefone, flag_whatsapp) values (68, 3, 1, 17444685, 0);
insert into tb_telefone (codigo_telefone, codigo_ddi, codigo_ddd, telefone, flag_whatsapp) values (69, 3, 1, 73527720, 0);
insert into tb_telefone (codigo_telefone, codigo_ddi, codigo_ddd, telefone, flag_whatsapp) values (70, 3, 1, 50854396, 0);
-- celular estrangeiro
insert into tb_telefone (codigo_telefone, codigo_ddi, codigo_ddd, telefone, flag_whatsapp) values (71, 14,  30, 916350660, 1);
insert into tb_telefone (codigo_telefone, codigo_ddi, codigo_ddd, telefone, flag_whatsapp) values (72, 12,  40, 995057359, 0);
insert into tb_telefone (codigo_telefone, codigo_ddi, codigo_ddd, telefone, flag_whatsapp) values (73, 9,  36, 938593369, 0);
insert into tb_telefone (codigo_telefone, codigo_ddi, codigo_ddd, telefone, flag_whatsapp) values (74, 8,  62, 976605023, 1);
insert into tb_telefone (codigo_telefone, codigo_ddi, codigo_ddd, telefone, flag_whatsapp) values (75, 8,  52, 984210656, 1);
insert into tb_telefone (codigo_telefone, codigo_ddi, codigo_ddd, telefone, flag_whatsapp) values (76, 5,  50, 970704766, 1);
insert into tb_telefone (codigo_telefone, codigo_ddi, codigo_ddd, telefone, flag_whatsapp) values (77, 1,  52, 937513000, 1);
insert into tb_telefone (codigo_telefone, codigo_ddi, codigo_ddd, telefone, flag_whatsapp) values (78, 7,  1, 975286348, 1);
insert into tb_telefone (codigo_telefone, codigo_ddi, codigo_ddd, telefone, flag_whatsapp) values (79, 4,  41, 989028297, 0);
insert into tb_telefone (codigo_telefone, codigo_ddi, codigo_ddd, telefone, flag_whatsapp) values (80, 12,  12, 954305689, 0);
-- fixo br
insert into tb_telefone (codigo_telefone, codigo_ddi, codigo_ddd, telefone, flag_whatsapp) values (81, 3, 60, 63049636, 0);
insert into tb_telefone (codigo_telefone, codigo_ddi, codigo_ddd, telefone, flag_whatsapp) values (82, 3, 48, 80448400, 0);
insert into tb_telefone (codigo_telefone, codigo_ddi, codigo_ddd, telefone, flag_whatsapp) values (83, 3, 30, 85158955, 0);
insert into tb_telefone (codigo_telefone, codigo_ddi, codigo_ddd, telefone, flag_whatsapp) values (84, 3, 38, 85369735, 0);
insert into tb_telefone (codigo_telefone, codigo_ddi, codigo_ddd, telefone, flag_whatsapp) values (85, 3, 45, 76235410, 0);
insert into tb_telefone (codigo_telefone, codigo_ddi, codigo_ddd, telefone, flag_whatsapp) values (86, 3, 17, 82224402, 0);
insert into tb_telefone (codigo_telefone, codigo_ddi, codigo_ddd, telefone, flag_whatsapp) values (87, 3, 1, 36287016, 0);
insert into tb_telefone (codigo_telefone, codigo_ddi, codigo_ddd, telefone, flag_whatsapp) values (88, 3, 58, 86266330, 0);
insert into tb_telefone (codigo_telefone, codigo_ddi, codigo_ddd, telefone, flag_whatsapp) values (89, 3, 16, 12385898, 0);
insert into tb_telefone (codigo_telefone, codigo_ddi, codigo_ddd, telefone, flag_whatsapp) values (90, 3, 6, 89996624, 0);
insert into tb_telefone (codigo_telefone, codigo_ddi, codigo_ddd, telefone, flag_whatsapp) values (91, 3, 24, 82654888, 0);
insert into tb_telefone (codigo_telefone, codigo_ddi, codigo_ddd, telefone, flag_whatsapp) values (92, 3, 64, 32965475, 0);
insert into tb_telefone (codigo_telefone, codigo_ddi, codigo_ddd, telefone, flag_whatsapp) values (93, 3, 8, 86492550, 0);
insert into tb_telefone (codigo_telefone, codigo_ddi, codigo_ddd, telefone, flag_whatsapp) values (94, 3, 52, 88757241, 0);
insert into tb_telefone (codigo_telefone, codigo_ddi, codigo_ddd, telefone, flag_whatsapp) values (95, 3, 62, 69207688, 0);
insert into tb_telefone (codigo_telefone, codigo_ddi, codigo_ddd, telefone, flag_whatsapp) values (96, 3, 44, 64135684, 0);
insert into tb_telefone (codigo_telefone, codigo_ddi, codigo_ddd, telefone, flag_whatsapp) values (97, 3, 3, 25391338, 0);
insert into tb_telefone (codigo_telefone, codigo_ddi, codigo_ddd, telefone, flag_whatsapp) values (98, 3, 29, 39975081, 0);
insert into tb_telefone (codigo_telefone, codigo_ddi, codigo_ddd, telefone, flag_whatsapp) values (99, 3, 4, 65728436, 0);
insert into tb_telefone (codigo_telefone, codigo_ddi, codigo_ddd, telefone, flag_whatsapp) values (100, 3, 39, 91933093, 0);

-- tb_endereco
insert into tb_endereco
        (codigo_endereco, logradouro, numero, complemento, cep, codigo_cidade, codigo_uf) values
        (0, 'AV. BAHIA', 1786, null, '55054-36', 2, 25);
insert into tb_endereco
        (codigo_endereco, logradouro, numero, complemento, cep, codigo_cidade, codigo_uf) values
        (1, 'RUA MERCEDES SOSA', 2712, null, '17930-590', 9, 25);
insert into tb_endereco
        (codigo_endereco, logradouro, numero, complemento, cep, codigo_cidade, codigo_uf) values
        (2, 'AV. SANTOS DUMONT', 3118, null, '39374-667', 5, 25);
insert into tb_endereco
        (codigo_endereco, logradouro, numero, complemento, cep, codigo_cidade, codigo_uf) values
        (3, 'AV. ANTÔNIO CARLOS', 3944, 'APTO. 371', '87113-636', 14, 25);
insert into tb_endereco
        (codigo_endereco, logradouro, numero, complemento, cep, codigo_cidade, codigo_uf) values
        (4, 'AV. 13 DE OUTUBRO', 3773, null, '96422-378', 13, 25);
insert into tb_endereco
        (codigo_endereco, logradouro, numero, complemento, cep, codigo_cidade, codigo_uf) values
        (5, 'RUA ANHANGUERA', 2849, 'CASA 251', '74547-648', 6, 25);
insert into tb_endereco
        (codigo_endereco, logradouro, numero, complemento, cep, codigo_cidade, codigo_uf) values
        (6, 'RUA ARNALDO BAPTISTA', 453, null, '70824-457', 3, 25);
insert into tb_endereco
        (codigo_endereco, logradouro, numero, complemento, cep, codigo_cidade, codigo_uf) values
        (7, 'RUA SANTA RITA', 4219, 'BLOCO 291', '17651-434', 3, 25);
insert into tb_endereco
        (codigo_endereco, logradouro, numero, complemento, cep, codigo_cidade, codigo_uf) values
        (8, 'VIA MACHADO DE ASSIS', 4486, null, '53881-969', 6, 25);
insert into tb_endereco
        (codigo_endereco, logradouro, numero, complemento, cep, codigo_cidade, codigo_uf) values
        (9, 'RUA PITANGUEIRAS', 3952, null, '28948-244', 3, 25);
insert into tb_endereco
        (codigo_endereco, logradouro, numero, complemento, cep, codigo_cidade, codigo_uf) values
        (10, 'RUA 3 DE MARÇO', 1513, null, '13104-992', 11, 25);
insert into tb_endereco
        (codigo_endereco, logradouro, numero, complemento, cep, codigo_cidade, codigo_uf) values
        (11, 'RUA DOS PÁSSAROS', 987, null, '50960-989', 13, 25);
insert into tb_endereco
        (codigo_endereco, logradouro, numero, complemento, cep, codigo_cidade, codigo_uf) values
        (12, 'AV. GANDAVO', 4586, 'APTO. 231', '67572-403', 4, 25);
insert into tb_endereco
        (codigo_endereco, logradouro, numero, complemento, cep, codigo_cidade, codigo_uf) values
        (13, 'PRAÇA BAHIA', 799, null, '18717-531', 5, 25);
insert into tb_endereco
        (codigo_endereco, logradouro, numero, complemento, cep, codigo_cidade, codigo_uf) values
        (14, 'AV. DOMINGOS DE MORAES', 369, null, '43130-562', 10, 25);
insert into tb_endereco
        (codigo_endereco, logradouro, numero, complemento, cep, codigo_cidade, codigo_uf) values
        (15, 'AV. MACHADO DE ASSIS', 1605, null, '93123-966', 6, 25);
insert into tb_endereco
        (codigo_endereco, logradouro, numero, complemento, cep, codigo_cidade, codigo_uf) values
        (16, 'RUA CAPITÃO MACEDO', 2556, 'APTO. 351', '76028-27', 8, 25);
insert into tb_endereco
        (codigo_endereco, logradouro, numero, complemento, cep, codigo_cidade, codigo_uf) values
        (17, 'PRAÇA GUARAÚ', 3822, null, '94460-188', 5, 25);
insert into tb_endereco
        (codigo_endereco, logradouro, numero, complemento, cep, codigo_cidade, codigo_uf) values
        (18, 'LARGO PEDRO LESSA', 2747, null, '45038-481', 10, 25);
insert into tb_endereco
        (codigo_endereco, logradouro, numero, complemento, cep, codigo_cidade, codigo_uf) values
        (19, 'RUA 25 DE ABRIL', 4269, 'AP. 351', '74258-821', 3, 25);
insert into tb_endereco
        (codigo_endereco, logradouro, numero, complemento, cep, codigo_cidade, codigo_uf) values
        (20, 'RUA GUARAÚ', 4453, 'APARTAMENTO 21', '28425-77', 5, 25);
insert into tb_endereco
        (codigo_endereco, logradouro, numero, complemento, cep, codigo_cidade, codigo_uf) values
        (21, 'RUA DAS ARARAS', 2197, 'APTO. 411', '66285-504', 11, 25);
insert into tb_endereco
        (codigo_endereco, logradouro, numero, complemento, cep, codigo_cidade, codigo_uf) values
        (22, 'RUA DAS ROSAS', 4445, null, '13339-753', 11, 25);
insert into tb_endereco
        (codigo_endereco, logradouro, numero, complemento, cep, codigo_cidade, codigo_uf) values
        (23, 'AV. DOMINGOS DE MORAES', 2788, null, '19873-168', 13, 25);
insert into tb_endereco
        (codigo_endereco, logradouro, numero, complemento, cep, codigo_cidade, codigo_uf) values
        (24, 'RUA CAPITÃO MACEDO', 4013, null, '86772-838', 10, 25);
insert into tb_endereco
        (codigo_endereco, logradouro, numero, complemento, cep, codigo_cidade, codigo_uf) values
        (25, 'LARGO DAS ORTÊNCIAS', 433, 'APARTAMENTO 211', '33038-633', 8, 25);
insert into tb_endereco
        (codigo_endereco, logradouro, numero, complemento, cep, codigo_cidade, codigo_uf) values
        (26, 'AV. DO ESTADO', 4532, null, '38407-598', 12, 25);
insert into tb_endereco
        (codigo_endereco, logradouro, numero, complemento, cep, codigo_cidade, codigo_uf) values
        (27, 'PRAÇA PIAUÍ', 3067, 'BLOCO 61', '75524-755', 8, 25);
insert into tb_endereco
        (codigo_endereco, logradouro, numero, complemento, cep, codigo_cidade, codigo_uf) values
        (28, 'RUA GETULIO VARGAS', 22, null, '80286-341', 1, 25);
insert into tb_endereco
        (codigo_endereco, logradouro, numero, complemento, cep, codigo_cidade, codigo_uf) values
        (29, 'RUA MERCEDES SOSA', 4586, 'APARTAMENTO 141', '34944-610', 7, 25);
insert into tb_endereco
        (codigo_endereco, logradouro, numero, complemento, cep, codigo_cidade, codigo_uf) values
        (30, 'RUA ANHANGUERA', 975, 'APARTAMENTO 381', '47265-454', 12, 25);
insert into tb_endereco
        (codigo_endereco, logradouro, numero, complemento, cep, codigo_cidade, codigo_uf) values
        (31, 'AV. DO MACHADO', 3892, 'APARTAMENTO 161', '14839-949', 13, 25);
insert into tb_endereco
        (codigo_endereco, logradouro, numero, complemento, cep, codigo_cidade, codigo_uf) values
        (32, 'LARGO TIRADENTES', 3287, 'CASA 301', '32363-940', 3, 25);
insert into tb_endereco
        (codigo_endereco, logradouro, numero, complemento, cep, codigo_cidade, codigo_uf) values
        (33, 'PRAÇA REBOUÇAS', 3009, 'CASA 181', '37217-244', 11, 25);
insert into tb_endereco
        (codigo_endereco, logradouro, numero, complemento, cep, codigo_cidade, codigo_uf) values
        (34, 'RUA SENADOR RAUL CARDOSO', 3927, 'APTO. 211', '19886-611', 8, 25);
insert into tb_endereco
        (codigo_endereco, logradouro, numero, complemento, cep, codigo_cidade, codigo_uf) values
        (35, 'AV. PITANGUEIRAS', 3135, 'APTO. 301', '83138-905', 11, 25);
insert into tb_endereco
        (codigo_endereco, logradouro, numero, complemento, cep, codigo_cidade, codigo_uf) values
        (36, 'AV. IPIRANGA', 3056, null, '15592-225', 10, 25);
insert into tb_endereco
        (codigo_endereco, logradouro, numero, complemento, cep, codigo_cidade, codigo_uf) values
        (37, 'RUA DO MACHADO', 3194, 'AP. 31', '51262-973', 6, 25);
insert into tb_endereco
        (codigo_endereco, logradouro, numero, complemento, cep, codigo_cidade, codigo_uf) values
        (38, 'PRAÇA GETULIO VARGAS', 1583, 'BLOCO 121', '92552-46', 7, 25);
insert into tb_endereco
        (codigo_endereco, logradouro, numero, complemento, cep, codigo_cidade, codigo_uf) values
        (39, 'RUA ANCHIETA', 1750, 'CASA 421', '50852-490', 4, 25);
insert into tb_endereco
        (codigo_endereco, logradouro, numero, complemento, cep, codigo_cidade, codigo_uf) values
        (40, 'RUA PITANGUEIRAS', 3327, 'AP. 441', '18455-60', 7, 25);
insert into tb_endereco
        (codigo_endereco, logradouro, numero, complemento, cep, codigo_cidade, codigo_uf) values
        (41, 'RUA TIRADENTES', 4200, null, '84891-411', 8, 25);
insert into tb_endereco
        (codigo_endereco, logradouro, numero, complemento, cep, codigo_cidade, codigo_uf) values
        (42, 'VIA ANTÔNIO CARLOS', 4858, null, '80888-283', 3, 25);
insert into tb_endereco
        (codigo_endereco, logradouro, numero, complemento, cep, codigo_cidade, codigo_uf) values
        (43, 'RUA CAPITÃO MACEDO', 122, null, '11959-762', 13, 25);
insert into tb_endereco
        (codigo_endereco, logradouro, numero, complemento, cep, codigo_cidade, codigo_uf) values
        (44, 'RUA ANTÔNIO CARLOS', 1279, 'APARTAMENTO 431', '61754-866', 6, 25);
insert into tb_endereco
        (codigo_endereco, logradouro, numero, complemento, cep, codigo_cidade, codigo_uf) values
        (45, 'RUA MACHADO DE ASSIS', 1089, 'APARTAMENTO 301', '13886-18', 5, 25);
insert into tb_endereco
        (codigo_endereco, logradouro, numero, complemento, cep, codigo_cidade, codigo_uf) values
        (46, 'LARGO DAS ARARAS', 2445, 'BLOCO 411', '91572-532', 5, 25);
insert into tb_endereco
        (codigo_endereco, logradouro, numero, complemento, cep, codigo_cidade, codigo_uf) values
        (47, 'PRAÇA ANCHIETA', 497, 'APARTAMENTO 21', '31104-554', 9, 25);
insert into tb_endereco
        (codigo_endereco, logradouro, numero, complemento, cep, codigo_cidade, codigo_uf) values
        (48, 'RUA PITANGUEIRAS', 1482, null, '58963-33', 12, 25);
insert into tb_endereco
        (codigo_endereco, logradouro, numero, complemento, cep, codigo_cidade, codigo_uf) values
        (49, 'LARGO ANHANGUERA', 3597, 'BLOCO 281', '69712-752', 5, 25);
insert into tb_endereco
        (codigo_endereco, logradouro, numero, complemento, cep, codigo_cidade, codigo_uf) values
        (50, 'VIA 13 DE OUTUBRO', 53, null, '84069-292', 10, 25);
insert into tb_endereco
        (codigo_endereco, logradouro, numero, complemento, cep, codigo_cidade, codigo_uf) values
        (51, 'VIA VITAL BRAZIL', 4909, 'APTO. 471', '61375-303', 1, 25);
insert into tb_endereco
        (codigo_endereco, logradouro, numero, complemento, cep, codigo_cidade, codigo_uf) values
        (52, 'AV. MACHADO DE ASSIS', 2126, null, '84756-743', 1, 25);
insert into tb_endereco
        (codigo_endereco, logradouro, numero, complemento, cep, codigo_cidade, codigo_uf) values
        (53, 'AV. BAHIA', 4599, null, '11659-277', 1, 25);
insert into tb_endereco
        (codigo_endereco, logradouro, numero, complemento, cep, codigo_cidade, codigo_uf) values
        (54, 'RUA 13 DE OUTUBRO', 546, 'BLOCO 331', '64819-607', 1, 25);
insert into tb_endereco
        (codigo_endereco, logradouro, numero, complemento, cep, codigo_cidade, codigo_uf) values
        (55, 'AV. DAS FLORES', 1018, 'APTO. 281', '15491-749', 1, 25);
insert into tb_endereco
        (codigo_endereco, logradouro, numero, complemento, cep, codigo_cidade, codigo_uf) values
        (56, 'RUA SANTOS DUMONT', 2671, 'APTO. 251', '88252-655', 1, 25);
insert into tb_endereco
        (codigo_endereco, logradouro, numero, complemento, cep, codigo_cidade, codigo_uf) values
        (57, 'RUA EÇA DE QUEIROZ', 3599, 'APTO. 381', '11619-328', 1, 25);
insert into tb_endereco
        (codigo_endereco, logradouro, numero, complemento, cep, codigo_cidade, codigo_uf) values
        (58, 'RUA SANTA RITA', 1435, null, '15661-676', 1, 25);
insert into tb_endereco
        (codigo_endereco, logradouro, numero, complemento, cep, codigo_cidade, codigo_uf) values
        (59, 'LARGO TIRADENTES', 2579, null, '16990-357', 1, 25);
insert into tb_endereco
        (codigo_endereco, logradouro, numero, complemento, cep, codigo_cidade, codigo_uf) values
        (60, 'AV. PEDRO LESSA', 3107, null, '76671-805', 1, 25);
insert into tb_endereco
        (codigo_endereco, logradouro, numero, complemento, cep, codigo_cidade, codigo_uf) values
        (61, 'RUA CAPITÃO MACEDO', 368, 'CASA 131', '75929-160', 1, 25);
insert into tb_endereco
        (codigo_endereco, logradouro, numero, complemento, cep, codigo_cidade, codigo_uf) values
        (62, 'RUA REFAZENDA', 2782, 'APARTAMENTO 301', '52616-964', 1, 25);
insert into tb_endereco
        (codigo_endereco, logradouro, numero, complemento, cep, codigo_cidade, codigo_uf) values
        (63, 'LARGO LUIZA ERUNDINA', 132, null, '99301-65', 1, 25);
insert into tb_endereco
        (codigo_endereco, logradouro, numero, complemento, cep, codigo_cidade, codigo_uf) values
        (64, 'VIA 25 DE ABRIL', 4210, null, '11012-142', 1, 25);
insert into tb_endereco
        (codigo_endereco, logradouro, numero, complemento, cep, codigo_cidade, codigo_uf) values
        (65, 'VIA WALLY SALOMÃO', 773, null, '60045-669', 1, 25);
insert into tb_endereco
        (codigo_endereco, logradouro, numero, complemento, cep, codigo_cidade, codigo_uf) values
        (66, 'LARGO DOMINGOS DE MORAES', 3000, null, '68958-184', 1, 25);
insert into tb_endereco
        (codigo_endereco, logradouro, numero, complemento, cep, codigo_cidade, codigo_uf) values
        (67, 'RUA REBOUÇAS', 1610, 'BLOCO 101', '64179-747', 1, 25);
insert into tb_endereco
        (codigo_endereco, logradouro, numero, complemento, cep, codigo_cidade, codigo_uf) values
        (68, 'LARGO DOS PÁSSAROS', 3963, 'AP. 291', '91934-911', 1, 25);
insert into tb_endereco
        (codigo_endereco, logradouro, numero, complemento, cep, codigo_cidade, codigo_uf) values
        (69, 'AV. BAHIA', 4029, null, '96463-24', 1, 25);
insert into tb_endereco
        (codigo_endereco, logradouro, numero, complemento, cep, codigo_cidade, codigo_uf) values
        (70, 'RUA 4 DE JANEIRO', 2370, null, '98379-911', 1, 25);
insert into tb_endereco
        (codigo_endereco, logradouro, numero, complemento, cep, codigo_cidade, codigo_uf) values
        (71, 'RUA ANHANGUERA', 510, 'BLOCO 11', '53678-406', 1, 25);
insert into tb_endereco
        (codigo_endereco, logradouro, numero, complemento, cep, codigo_cidade, codigo_uf) values
        (72, 'RUA REFAZENDA', 3076, 'APTO. 481', '29181-92', 1, 25);
insert into tb_endereco
        (codigo_endereco, logradouro, numero, complemento, cep, codigo_cidade, codigo_uf) values
        (73, 'RUA PERUÍBE', 2635, null, '29266-437', 1, 25);
insert into tb_endereco
        (codigo_endereco, logradouro, numero, complemento, cep, codigo_cidade, codigo_uf) values
        (74, 'RUA 25 DE ABRIL', 2395, null, '76830-347', 1, 25);
insert into tb_endereco
        (codigo_endereco, logradouro, numero, complemento, cep, codigo_cidade, codigo_uf) values
        (75, 'RUA TABATINGUERA', 4462, 'BLOCO 431', '99795-422', 1, 25);
insert into tb_endereco
        (codigo_endereco, logradouro, numero, complemento, cep, codigo_cidade, codigo_uf) values
        (76, 'RUA ANTÔNIO CARLOS', 34, 'CASA 231', '20399-639', 1, 25);
insert into tb_endereco
        (codigo_endereco, logradouro, numero, complemento, cep, codigo_cidade, codigo_uf) values
        (77, 'RUA SENADOR RAUL CARDOSO', 3085, null, '79333-871', 1, 25);
insert into tb_endereco
        (codigo_endereco, logradouro, numero, complemento, cep, codigo_cidade, codigo_uf) values
        (78, 'RUA ANTÔNIO CARLOS', 4900, 'AP. 431', '85313-148', 1, 25);
insert into tb_endereco
        (codigo_endereco, logradouro, numero, complemento, cep, codigo_cidade, codigo_uf) values
        (79, 'AV. NAPOLEÃO DE BARROS', 1656, null, '86694-267', 1, 25);
insert into tb_endereco
        (codigo_endereco, logradouro, numero, complemento, cep, codigo_cidade, codigo_uf) values
        (80, 'AV. REFAZENDA', 3629, 'CASA 251', '87563-478', 1, 25);